videoId,title,channelId,channelTitle,uploaded
vCM3Z-AVQrA,Mog√°cs D√°niel a veter√°n gamer √©s az Xbox Game Pass for PC - Konzolvil√°g rekl√°m,UCBZHpoe1kzuE8VOnj2EECGA,Konzolvil√°g,2020-09-18T12:53:03Z
TqVD0JNkID0,"La PS5 est arriv√©e √† la maison üî• Unboxing et comparatifs Xbox Series X I S, PS4 Pro, Nintendo Switch",UCRXcryyD7dzNQzd0Zkbj3ug,Julien Chi√®ze,2020-10-27T11:59:45Z
oC3xJtLRlNc,Xbox Series X Indian Unit Unboxing &amp; First Look - Exclusive #PowerYourDreamsüî•üî•üî•,UCOhHO2ICt0ti9KAh-QHvttQ,Technical Guruji,2020-11-05T08:15:22Z
852YROy83gU,PS5ÊïóÂåó‚Ä¶Ë™∞„ÇÇË≤∑„Çè„Å™„ÅÑXbox Series X„ÇíË≤∑„Å£„ÅüÁµêÊûú„ÄÅÊúÄÈ´òË™¨„ÅÇ„Çã,UC9WJo5ZJVXMZiA5XV2jLx5Q,ÂêâÁî∞Ë£Ω‰ΩúÊâÄ,2020-11-12T10:00:12Z
PslqS_MqsQo,–í–ø–µ—á–∞—Ç–ª–µ–Ω–∏—è –æ—Ç Xbox Series X –∏ —Ä–∞—Å–ø–∞–∫–æ–≤–∫–∞ Xbox Series S!,UCt7sv-NKh44rHAEb-qCCxvA,Wylsacom,2020-11-05T16:15:27Z
DotMLYNkS_c,Console Wars: The Xbox Strikes Back,UC7WDD6yHgzdqijHluCi1z-Q,The Act Man,2020-10-16T18:45:01Z
yhj4qlItES0,Cyberpunk 2077 Gameplay On Xbox Series X / Xbox One X,UCKy1dAqELo0zrOtPkf0eTMw,IGN,2020-11-17T17:49:08Z
mP1De2Jq-_4,FINALMENTE! JOGUEI FORTNITE NO NOVO XBOX SERIES X!,UC0bC92gFO25qcJcECTQNN_A,Flakes Power,2020-11-12T13:05:14Z
UGAjhjp8dnI,The $299 XBOX Series S is an Emulation Beast | MVG,UCjFaPUcJU1vwk193mnW_w1w,Modern Vintage Gamer,2020-11-23T12:45:01Z
y6wCMIREZgc,Call of Duty Warzone running at 120FPS on Xbox Series X!,UCw7FkXsC00lH2v2yB5LQoYA,jackfrags,2020-11-14T17:49:47Z
KUDibq_GDe0,Forza Horizon 4 - Xbox Series X vs Xbox One X - AMAZING DIFFERENCE!!!!,UC4BEiuqPdmsRHjS8LbhUmWg,Don Joewon Song,2020-11-05T15:59:21Z
OLK-QDmSPx0,PLAYSTATION 5 o XBOX X ‚Üí ESTO SE DEFINE EN EL FIFA!!!!!!!,UCFOSg71CRAJ58IPuV_-jMbw,Tecnonauta,2020-12-04T21:30:02Z
sMCcsSzSMws,XBOX series X REVIEW + GAMEPLAY -sobredosis de TERAFLOPS-,UCYkoAtIMi6oFG_8SO5YrauQ,clipset,2020-11-05T20:30:03Z
-Jb3-V3nAWE,Should Your Boyfriend Get a PS5 or Xbox Series X?,UC2eEGT06FrWFU6VBnPOR9lg,Girlfriend Reviews,2020-11-25T17:33:11Z
psTunlgKOMM,PlayStation 2 Games are running on the XBOX Series S | MVG,UCjFaPUcJU1vwk193mnW_w1w,Modern Vintage Gamer,2020-11-30T12:45:04Z
smcND3jBtvo,"Top 12 Awesome Upcoming Games of 2019 (PS4, Xbox One, PC &amp; Nintendo Switch)",UCbDuARPGsQJBG8dELL-37zw,GAMEOST,2018-11-20T14:15:54Z
fYtJWIxt3-M,Inside the Xbox Series S,UCjBp_7RuDBUYbd1LegWEJ8g,Xbox,2020-09-09T13:00:11Z
ngM3DCVHXBA,8300 Lƒ∞RALIK YENƒ∞ NESƒ∞L KONSOL ELƒ∞MDE: XBOX SERIES X,UCXin0u5SrVEBjn5LhOoG97A,Enis Kirazoglu,2020-11-01T12:03:11Z
RnZAN91pUiw,"COD Black Ops Cold War: PS5 vs Xbox Series X - Ray Tracing, 120Hz Mode Tests + Series S Analysis!",UC9PBzalIcEQCsiIkq36PyUA,Digital Foundry,2020-11-23T20:55:45Z
cFcWL4W34QY,–ü–æ–ª–Ω–∞—è —Ö—Ä–æ–Ω–∏–∫–∞ 8-–π –≤–æ–π–Ω—ã –∫–æ–Ω—Å–æ–ª–µ–π [PS4 –ø—Ä–æ—Ç–∏–≤ Xbox One],UCq7JZ8ATgQWeu6sDM1czjhg,StopGame.Ru,2020-11-21T18:00:57Z
FsRPZEIlUMg,My NEW Xbox Series X was Broken ALREADY?,UCuJyaxv7V-HK4_qQzNK_BXQ,BeatEmUps,2020-11-12T17:11:03Z
SlFIpftMxMU,Asi Luce el Gta San andreas en Xbox Series X !,UCiCEpAj4fGMPtpnPtapsgGw,Trolencio911,2020-11-15T00:46:33Z
TpsIlhV1L1g,COMPR√â LA XBOX SERIES X ü§î UNBOXING Y PRIMERAS IMPRESIONES,UCHvF0weGdYOYqFO1oy5cWZw,YANPOL,2020-11-16T02:14:24Z
KWgZgBVaRc4,*NEW* NEXT-GEN Warzone GAMEPLAY! (PS5 + Xbox Series X),UCgdywGAij6Nob5WealtDKXQ,Ali-A Plays,2020-11-10T22:41:00Z
Xh49Nto6qLo,Forza Horizon 4 - Xbox Series X vs Xbox One X - 4K 60FPS - Ultimate Comparison!!!,UC4BEiuqPdmsRHjS8LbhUmWg,Don Joewon Song,2020-11-07T15:59:46Z
z_ZQIP2uR4k,"–ù–æ–≤—ã–π Xbox Series X - —Ç–µ—Å—Ç —à–∞—Ä–∏–∫–æ–º –∏ —Å–º–æ—Ç—Ä–∏–º AC: –í–∞–ª—å–≥–∞–ª–ª–∞, –ø–µ—Ä–≤—ã–π Next-Gen...",UCt7sv-NKh44rHAEb-qCCxvA,Wylsacom,2020-11-17T16:06:23Z
S3fv1MtdAjc,Xbox One X vs. PlayStation 4 Pro | Vyb√≠r√°me nejlep≈°√≠ hern√≠ konzoli | Alza.cz,UCoVgyMWqcekEWjRgcdzGY2g,AlzaTube,2018-05-30T15:20:40Z
3ZqgINu1vxE,M√°y Xbox v·ª©t x√≥ 5 nƒÉm l√¥i ra v·∫´n ch·∫°y t·ªët !!! N·ªÉ Microsoft qu√° !!!,UCc_gMV4N9vJtpy7GcMUHaVw,Tr·ª±c Ti·∫øp Game,2019-03-03T15:06:03Z
AOE0tlyZhgE,UNBOXING XBOX SERIES X!! - LA MIA NUOVA CONSOLE NEXT-GEN,UCfZFwPGOpbWk0z0Fk7tU6yA,MikeShowSha,2020-10-28T18:45:31Z
kGXrNDIDuIY,NBA 2K21 - PS5 vs Xbox Series X (Load Times/Graphics/Gameplay) Comparison,UCLWL0ZsOCO-lveNvK_SVCXA,GamingWithOva,2020-11-13T03:37:45Z
tik4yT3SIGw,Xbox Series X - Mi van a dobozban? (Unboxing),UCDeRsDqcB8zdkzErxrdHCOw,TheVR Tech,2020-10-28T13:00:14Z
jGZzpr4BtAM,PlayStation 5 vs Xbox Series X: Which is better?,UC0oI44ZUVCqq4meNOOaKPTQ,SpawnPoiint,2020-11-24T14:00:09Z
ts8nOCgDJUs,Que pasar√≠a si mont√°ramos una 3080 en una XBOX ONE?  Imposible üò≤,UC9eM3jqq5IfxbGHbuRR_jRw,Sfdx Show,2020-11-25T18:00:20Z
tcohQJH_WJU,"–ö–¢–û –ï–©–Å –•–û–ß–ï–¢ PS5, –ê –ù–ï XBOX?",UCXMTSawP2E1YcQGmMIw9WoQ,–°—Ç–∏–Ω—Ç,2020-09-28T12:58:20Z
OfILILPjjEs,How XBOX players felt when the system launched with NO EXCLUSIVES!,UCr8t0PrQ1gZkLs53lE-HTpw,The Keef Crew,2020-11-24T23:59:00Z
Eh8XmDvASUg,PLAYSTATION 5 vs XBOX SERIES: HANGƒ∞Sƒ∞ DAHA ƒ∞Yƒ∞? ALMAYA GEREK VAR MI?,UCXin0u5SrVEBjn5LhOoG97A,Enis Kirazoglu,2020-11-30T13:24:51Z
pxyenY-PRGw,PLAYSTATION 5 y XBOX SERIES X EN  TIENDAS DE JAPON ! | AUSENCIA Y REVENDEDORES? PRECIOS,UCdB41UXrNAU_J7A7OnU4KSQ,Japan Gemu,2020-11-19T17:19:56Z
YRpFktvTO0w,PS5 vs Xbox Series X: Assassin&#39;s Creed Valhalla,UCbu2SsF-Or3Rsn3NxqODImw,GameSpot,2020-11-13T22:05:18Z
sdBZ3nqn6vw,–û–±–∑–æ—Ä Xbox Series X. –ó–∞—á–µ–º –æ—Ç–º–µ–Ω–∏–ª–∞ ¬´–Ω–µ–∫—Å—Ç–≥–µ–Ω¬ª?,UCq7JZ8ATgQWeu6sDM1czjhg,StopGame.Ru,2020-11-06T18:12:31Z
6iezZjfWZas,Xbox Series X Setup and Impressions After 1 Week!,UCbR6jJpva9VIIAHTse4C3hw,Tim Schofield,2020-11-09T22:46:50Z
CySxB1oJ90c,–ö–£–ü–ò–õ –°–ï–ë–ï XBOX SERIES X,UCptRK95GEDXvJGOQIFg50fg,–ò–≥–æ—Ä—å –õ–∏–Ω–∫,2020-11-24T15:52:41Z
SUPc2UZX1tY,–û–¢–ó–´–í –ò –û–ë–ó–û–† XBOX ONE S - –ù–ï –í–°–ï –¢–ê–ö –ì–õ–ê–î–ö–û –ö–ê–ö –•–û–¢–ï–õ–û–°–¨ –ë–´!,UCY_5y5X34AxL_uWTPNndxog,DimaViper Live,2019-12-03T10:12:45Z
k51sfZeKgPs,Se le TRABA la XBOX SERIES X en DIRECTO a FEDELOBO (2 veces),UC2i3RmFsj8M14wE40QD5lxg,Mairol,2020-10-18T10:41:14Z
5zxyQ8Gp-OM,WSTƒòPNIE O NOWYM - XBOX SERIES X,UCw5LLRR_2lv97Mfwmiy-q2Q,Ziemniak,2020-11-10T20:34:19Z
EYAzS_1NYu4,MOLLI ELS≈ê XBOX J√ÅT√âKA A SAJ√ÅT BANKK√ÅRTY√ÅJ√ÅVAL ZSEBP√âNZB≈êL! KI √âLVEZI JOBBAN??,UCldRnJw3JrpoRnHAzFQ02SQ,M√≥nika Erd√©lyi,2019-12-14T11:39:04Z
nDhVZlOJJvo,Xbox One X Cyberpunk 2077 Limited Edition Bundle,UCjBp_7RuDBUYbd1LegWEJ8g,Xbox,2020-04-20T12:59:56Z
r1HbGf2R7yk,Assassin&#39;s Creed Valhalla Patch 1.0.4 - PS5 vs Xbox Series X/ Series S - Has Frame-Rate Improved?,UC9PBzalIcEQCsiIkq36PyUA,Digital Foundry,2020-11-29T15:00:46Z
HczdLEXA4M0,CASI NOS CANCELAN LA PREVENTA!! | Recogiendo XBOX SERIES X/S SEGUNDA PARTE,UCr6U90SjEcVfNbj0UAGRFtA,Expector,2020-11-10T21:30:00Z
AWNW9npvYTM,Unboxing the Xbox Series S,UCjBp_7RuDBUYbd1LegWEJ8g,Xbox,2020-11-10T00:00:01Z
cxfisL2wef4,Heroes of Robloxia Trailer - Xbox One,UCXcRkfyM4PcvWIlbb3ncdHQ,Heroes Of Robloxia,2017-05-31T17:05:53Z
i_-e01faXno,Xbox Series X Launch |  Xbox Series X gameplay (Win a Console),UCozZmz40Oc6NYD4JtZJgO8A,Xbox On,2020-11-10T00:57:28Z
FlIC4Si5320,"PS5 VS Xbox Series X : le Gros Comparatif ! (rapidit√©, gameplay,..)",UCJy0lX8ThZ7lCtst7JnegWQ,Jojol,2020-11-21T15:05:27Z
frzbboh194w,Oto nowa generacja! Pierwsze wra≈ºenia z Xbox Series X,UCtGnMWpCcoRZVWxkVKp3Ulg,TVGRYpl,2020-10-20T18:45:01Z
czSJxQ9O-BA,My new xbox one controller (PowerA),UCuzg_XiPfjFBnvDEKQ1VrDw,Deceived Carp87,2020-10-17T19:39:30Z
7zMIzid5bQY,Red Dead Redemption 2 | PS5 vs Xbox Series X | Graphics &amp; FPS Comparison | BC,UCCV8Mj59PZkf3ON_U8q4n7g,ElAnalistaDeBits,2020-11-23T11:00:01Z
05KSeKWukUo,Why I&#39;m Returning My Xbox Series X,UCZFJqMf_h9F3yfjLtrl0frA,Mark's Tech,2020-11-18T20:13:04Z
iiJ7lOnf6uQ,PS5 o Xbox Series X ¬øCu√°l es mejor?,UCiBwOVBljEjcsLUjwI274Xw,The Top Comics,2020-11-16T16:09:21Z
S1IcJW7MbFk,XBOX SERIES X ƒ∞NCELEME ve OYUN TESTLERƒ∞!,UC_rgUbBJr5tOfbirrvfvIVw,Lemur,2020-11-05T15:30:01Z
SsjTj006hr8,Besser als PS5? Xbox Series S &amp; X,UCzH549YlZhdhIqhtvz7XHmQ,AlexiBexi,2020-11-05T18:32:35Z
PIGbvnPV8T4,"TOP 10 NEW Upcoming Games of 2019 (PS4, XBOX ONE, PC)",UCbDuARPGsQJBG8dELL-37zw,GAMEOST,2019-04-17T09:06:40Z
tId1p7k2r4o,Disney+ Comes to Xbox Game Pass Ultimate Perks This Holiday,UCjBp_7RuDBUYbd1LegWEJ8g,Xbox,2020-11-09T17:10:24Z
d_tgonMLGx0,Co potrafi konsola za 1300 Z≈Å? Recenzja Xbox Series S,UCtGnMWpCcoRZVWxkVKp3Ulg,TVGRYpl,2020-11-05T14:00:12Z
oYHj_akNf9E,5 MUST HAVE Xbox Series X Accessories!,UC9fSZHEh6XsRpX-xJc6lT3A,UrAvgConsumer,2020-11-27T17:54:21Z
4VP-ss-kNMA,Xbox Fires Back On Halo Infinite&#39;s Visuals - IGN Daily Fix,UCKy1dAqELo0zrOtPkf0eTMw,IGN,2020-07-25T02:30:00Z
QiCwI6ksQdU,"Testamos o xCloud, games do Xbox direto da nuvem para seu celular!",UCGH4Wx-WL10iB4ZAdewkuDw,Adrenaline,2020-11-21T21:05:23Z
-YdBLYJjRmU,–°–ê–ú–´–ô –õ–£–ß–®–ò–ô –û–ë–ó–û–† XBOX SERIES X. Steam –∏–¥–µ—Ç –Ω–∞ –∫–æ–Ω—Å–æ–ª–∏,UCOxQWb-OuyCSZadzWqrKTCQ,–ë–£–õ–î–ñ–ê–¢—å,2020-12-06T05:30:01Z
wabTpR0A3l8,"Scalpers Secure 1,000 Xbox Series X Systems, Retailer Immediately Cancels Them",UCDTV8DckMvn7mlgtdxTyR-g,Spawn Wave Plus,2020-12-01T22:56:14Z
Trlnern7VrQ,HOW TO GET STRETCHED RESOLUTION ON XBOX ONE FORTNITE (if you need help look in the comment section.),UCQvgm1TYNQDGziea-MBK0bA,Sceptilean,2018-08-01T19:23:03Z
viXH_qcuqHQ,„ÄêTGS2020 Êó•Êú¨„Éû„Ç§„ÇØ„É≠„ÇΩ„Éï„Éà„ÄëXbox Tokyo Game Show Showcase 2020,UClFyIegrk4g6CFqGYCwTViA,TOKYO GAME SHOW/Êù±‰∫¨„Ç≤„Éº„É†„Ç∑„Éß„Ç¶,2020-09-24T13:03:55Z
R_3shKx11Y8,120 fps egy KONZOLON? - Xbox Series S &amp; Series X teszt,UCDeRsDqcB8zdkzErxrdHCOw,TheVR Tech,2020-11-05T19:25:57Z
pQt5uBscDLg,◊ê◊ô◊®◊ï◊¢ ◊î◊î◊©◊ß◊î ◊©◊ú Xbox Series X | S - ◊ê◊ô◊†◊ì◊î ◊í◊ô◊ô◊ù VS ◊ñ◊ô◊í◊ô,UCW7goHTeqJ4nTh33HEDuYtA,Xbox Israel - ◊ê◊ß◊°◊ë◊ï◊ß◊° ◊ô◊©◊®◊ê◊ú,2020-11-10T18:44:29Z
2HWI5gpMpWI,FIFA 21- GAMEPLAY NA NOVA GERA√á√ÉO! (PS5/Xbox Serie X),UCD9cMUkHNW380sh3_YedolA,MuuhPro,2020-12-03T19:45:13Z
UztANhWIob8,PS5 vs. Xbox Series X final comparison (for now),UCOmcA3f_RrH6b9NmcNa4tdg,CNET,2020-11-14T13:00:05Z
_CuesRl4drU,"AJS News - Xbox Series X &amp; PS5 Launch Discussion - Issues, Records Broken, Delays, Problems &amp; More!",UCsgv2QHkT2ljEixyulzOnUQ,AngryJoeShow,2020-11-17T05:20:00Z
1rvvre0ZFb8,XBOX ONE: V√¨ ƒë√¢u ƒë·∫øn n·ªói?,UCTF0ldaORTbCfx2ahvFfYWg,Ph√™ Game,2018-12-04T13:52:09Z
3TSzCG4CpSQ,Xbox Series X: 4 Things We Love and 3 Things We Don&#39;t,UCKy1dAqELo0zrOtPkf0eTMw,IGN,2020-11-14T00:22:41Z
yLWnyCDqAq4,PS5 Scalpers Post A Weird Response Online And Xbox Series X Emulation Gets Crazier | News Wave,UCoIXnB865l9Ex9zs4OIXTdQ,Spawn Wave,2020-11-27T13:00:15Z
sSUx54kmUD8,FIFA 21 | Next Gen Launch Trailer (PS5 &amp; Xbox Series X|S) [4K],UCoyaxd5LQSuP4ChkxK0pnZQ,EA SPORTS FIFA,2020-12-04T16:00:09Z
CQVQ7GjebbE,PlayStation 5 vs. Xbox Series X - 8 Games Loading Times Compared,UCKy1dAqELo0zrOtPkf0eTMw,IGN,2020-11-17T21:30:00Z
WsZV-usiBnI,–û–±–∑–æ—Ä Xbox Series X –∏ Series S ‚Äî —Å—Ä–∞–≤–Ω–µ–Ω–∏–µ —Å One X. –õ—É—á—à–µ PS5?,UCDF_NIAEkcAUvzxe1DUzaQA,Rozetked,2020-11-14T11:40:48Z
lpdAbIgSLYU,Recensione XBOX serie S,UC5yXB_ThsufRJYMRlzIGoeQ,andreagaleazzi.com,2020-11-05T14:00:08Z
jWTaSnrOCd4,Borderlands 3 PS5 vs Xbox Series X: 4K60 and 120fps Modes Tested - Plus Series S Comparisons!,UC9PBzalIcEQCsiIkq36PyUA,Digital Foundry,2020-12-01T20:31:06Z
LrOSAl7IXjY,PS5 vs Xbox Series X: Hogy futnak a j√°t√©kok?,UCDeRsDqcB8zdkzErxrdHCOw,TheVR Tech,2020-11-20T12:45:33Z
0vTjCU4_ipM,PLAYSTATION 5 e XBOX SERIES X/S,UCSRmIdDu1XFDr2iViBvcEDA,Controle Dois,2020-11-16T21:12:32Z
0eQmhKm8duQ,FIFA 21 Next Gen Gameplay | PS5/Xbox Series X (4K60FPS),UChR1Yn7YpVrnP-SbsWtjuBA,S2G,2020-12-03T11:00:00Z
NCKHS1pVWww,Assassin&#39;s Creed: Valhalla | PS5 vs Xbox Series X | Graphics Comparison &amp; FPS,UCCV8Mj59PZkf3ON_U8q4n7g,ElAnalistaDeBits,2020-11-19T00:53:03Z
EXwTmE01yXY,Evento de lanzamiento - #XboxSeriesX,UCLSVSiseuX9UrEtEKbciiEg,Xbox M√©xico,2020-11-10T04:01:45Z
IzRotSBhMz0,Psycho Ex-Girlfriend Destroys Xbox Series X,UCMz7JFeTmiO2oJgtmYhpUmQ,McJuggerNuggets,2020-11-29T20:57:12Z
MKrA9omRSG8,COMING SOON - 50 WAYS TO BREAK A PS5 &amp; XBOX SERIES S,UCFUsBdbrNe2a8tnVsxBwoZw,Plainrock124,2020-12-03T22:30:15Z
nDQeUX4GU1c,"GTA 5 - Secret Phone Cheats! (PC, PS4, Xbox One, PS3 &amp; Xbox 360)",UC56nLb00cLwLY6afw6JaLlQ,Madd Trevor,2020-12-03T14:13:51Z
I5XastHpi9w,Œü ŒëŒªŒ≠Œ∫ŒøœÇ Œ≠œÜŒµœÅŒµ œÑŒ± ŒΩŒ≠Œ± Xbox Series X Œ∫Œ±Œπ S!,UCjBCvQBVTh4XjPwtSMQNcFg,Unboxholics,2020-11-04T19:54:56Z
N03lTxBBQhE,Xbox Series S - vale a pena o mais barato da nova gera√ß√£o?,UCGH4Wx-WL10iB4ZAdewkuDw,Adrenaline,2020-11-07T17:48:22Z
zCPigsCrqLg,Major Xbox Series X Upgrade Coming | Why PS5 Games outperform Xbox Series S | X for Next Generation,UCyGYHo1qVIeGq3ZLnSDaEcg,colteastwood,2020-11-18T15:00:03Z
QrM39Sp80MA,Mi XBOX SERIES X ha muerto... | En verdad no se que hacer :c,UCr6U90SjEcVfNbj0UAGRFtA,Expector,2020-11-19T16:00:05Z
o3nGJ84CIm4,Finjo Encontrar Un XBOX SERIES X Para Ver Cuantos Mentirosos Lo Reclaman Y LOS  RE√öNO EN PERSONA,UCcrwHnSlK1pwESr6hknupIA,JDaniel,2020-11-14T00:03:46Z
AfG29OGCz54,–û–ë–ó–û–† Xbox Series X/S: –ó–ê–ß–ï–ú PlayStation 5?,UCY03gpyR__MuJtBpoSyIGnw,Droider.Ru,2020-11-05T14:11:58Z
L0n_WLAa8CU,Xbox Series X - O INCR√çVEL Game Pass,UCJAbkIY17zAmCTNQHH0bQoQ,Gameplayrj,2020-11-26T19:00:06Z
RyoUt64IaSU,GECEYARISI TAKƒ∞P√áƒ∞Mƒ∞N EVƒ∞NE XBOX SERƒ∞ES X G√ñT√úRD√úM ≈ûOK OLDU!!,UCnmrz900lpZqlxWzN3co2wA,Uras Benlioƒülu,2020-11-10T14:01:15Z
oPQerOehjdI,PS5 vs Xbox Series X - Which Is The BETTER Console?,UCA5RGaQc-a8tIX_AqTTmWdw,RGT 85,2020-11-15T17:36:31Z
RR9m7MLDQNo,"–ò–ì–†–û–í–´–ï –ù–û–í–û–°–¢–ò STALKER 2, –ü—Ä–æ–±–ª–µ–º—ã Xbox, –≥–∞–π–¥ PS5, GTA 6 —ç–∫—Å–∫–ª—é–∑–∏–≤, The Witcher 4 –ø–æ—Å–ª–µ Cyberpunk",UCVKFZtHLpIO5I9cxKC8FG3Q,XGTV,2020-11-11T16:46:29Z
4VMYpJFGQYM,"Inside Xbox April 2020 Live Show ‚Äì ft. Grounded, Gears Tactics, more!",UCjBp_7RuDBUYbd1LegWEJ8g,Xbox,2020-04-07T22:17:53Z
CKj6vXPq72U,XBOX Series S Teardown | MVG,UCjFaPUcJU1vwk193mnW_w1w,Modern Vintage Gamer,2020-11-09T12:45:00Z
eA_-AsrdrW8,DIRT 5 Xbox Series X vs PS4 Pro Early 4K Graphics Comparison,UCD3rfp47a3xZuqHhllcIvIA,Cycu1,2020-11-02T13:00:07Z
wtH6h6hsW-A,XBOX SERIES X | S - Minha An√°lise / Impress√µes da NOVA GERA√á√ÉO de Consoles!,UCWKtHaeXVzUscYGcm0hEunw,BRKsEDU,2020-11-05T14:01:20Z
7__uoFZBlf0,Xbox - November 2020 Games with Gold,UCjBp_7RuDBUYbd1LegWEJ8g,Xbox,2020-10-29T15:00:05Z
QfxExB-l-2k,Microsoft Xbox Series S -VS- Xbox One S - Loading times - FORTNITE - How much Faster is it? SSD HD,UCxgKr2SDkl9r5BULsJUrteg,AdamsTechReviews,2020-11-11T03:00:11Z
9R0AqmwYvzk,"–°–µ–∫—Ä–µ—Ç—ã –Ω–æ–≤—ã—Ö –∫–æ–Ω—Å–æ–ª–µ–π –∏ –∞–Ω–∞–ª–∏–∑ –ø—Ä–µ–∑–µ–Ω—Ç–∞—Ü–∏–∏ Playstation 5: –ë–∏—Ç–≤–∞ PS5, –Ω–æ–≤—ã—Ö Xbox –∏ Nintendo",UCv19bD3h1dfYjVTj3v7R9yA,4game,2020-09-18T11:14:52Z
RTlo6NbOhXw,Ten Ways to Get Ready for Xbox Series X|S,UCjBp_7RuDBUYbd1LegWEJ8g,Xbox,2020-11-06T18:00:04Z
mX6ytsNtlqA,WHATS POPPIN? EA Play just hopped in Xbox Game Pass Ultimate,UCjBp_7RuDBUYbd1LegWEJ8g,Xbox,2020-11-10T16:00:10Z
2yEpKsH8jnw,Xbox Series X in unter 10 Minuten - Unser Fazit,UC6C1dyHHOMVIBAze8dWfqCw,GameStar,2020-11-08T11:15:00Z
3GQp4HUyP3A,Xbox Series X REVIEW,UCok_yhjwg4WSx3s_2Yh8ZjQ,Topes de Gama,2020-11-05T14:00:02Z
4vGfYqiypQY,–ü–æ–±–µ–¥–∏—Ç –ª–∏ Microsoft Sony? –ö—É–¥–∞ –∫–∞—Ç—è—Ç—Å—è Playstation 5 –∏ –Ω–æ–≤—ã–π Xbox?,UCOw9Jzw3p4XzL5Ub5WglJRQ,–ê–ª–µ–∫—Å–µ–π –ú–∞–∫–∞—Ä–µ–Ω–∫–æ–≤,2020-10-10T06:37:24Z
-Ns6yMD3BVQ,PS5 VS XBOX SERIES X | IL VERDETTO IN 5 PUNTI,UCxKrf2zGbarAs-3zu_OQ-tw,PLAYERINSIDE,2020-11-20T18:00:01Z
YVsqpsf3BCk,Xbox Series X SetUp + UI Walkthrough - ThePapiGfunk,UC-V5YJX0D6elwUrsxAoZkGw,ThePapiGfunk,2020-11-03T00:56:45Z
HHcCyF7oKLw,Xbox Series X - test quaza,UCC9ZIpLRneyc3gyoCrEj1uw,quaz9,2020-11-14T12:38:27Z
YQlP9I7FBdM,–°—Ç—Ä–∞—Ç–µ–≥–∏—è Xbox –ø–æ –∑–∞—Ö–≤–∞—Ç—É –º–∏—Ä–∞ –∏ –∑–æ–ª–æ—Ç–∞—è Playstation 5,UCOw9Jzw3p4XzL5Ub5WglJRQ,–ê–ª–µ–∫—Å–µ–π –ú–∞–∫–∞—Ä–µ–Ω–∫–æ–≤,2020-11-01T05:46:57Z
VBj50u653U8,Historie konzole XBOX | Nejvƒõt≈°√≠ propad√°k Microsoftu | CZ/SK,UC-ThWdmPIlKQs-1zIRUiDwQ,Fredyho videa,2018-05-12T17:15:44Z
e2r_t0PWTEk,Xbox Series X -- recenzja konsoli nowej generacji Microsoftu,UCjgirfp1BeeM98AxxyKXolA,arhn.eu,2020-11-05T14:01:10Z
i49pzX906Yk,Woman DEMANDS Free PS5 &amp; XBOX Series X...Gets It &amp; FLAGS Anyone Criticizing Her! (Griffen Gaming),UCfwE_ODI1YTbdjkzuSi1Nag,TheQuartering,2020-11-28T21:36:04Z
M4yW4MHtvpY,–û–±–∑–æ—Ä Xbox Series X. –û–Ω –ª—É—á—à–µ —Ç–≤–æ–µ–≥–æ –ü–ö. –°–∞–º–∞—è –º–æ—â–Ω–∞—è –∏–≥—Ä–æ–≤–∞—è –∫–æ–Ω—Å–æ–ª—å –≤ –º–∏—Ä–µ,UCr_fwF-n-2_olTYd-m3n32g,–ê–Ω—Ç–æ–Ω –õ–æ–≥–≤–∏–Ω–æ–≤,2020-11-05T14:40:21Z
yHLAhPAvAec,Attemping to Buy the Xbox Series X and Xbox Series S - Launch Day Live Stream,UCT1Xazfuqh3oY1K_8C3J7fQ,Jake Randall,2020-11-10T11:12:43Z
vxHzaryQzj8,Xbox Series X &quot;Has Been A Lie&quot; | Developer Speaks Out On Insane Next Generation Capabilities,UCJxnwvg6KA3tr04K-tBO-bQ,Dealer - Gaming,2020-10-26T16:08:54Z
hFiDtRKdrzg,DE CE mi-am luat XBOX si nu PS4 ?? - Vlog 838,UCHIm4Bk83-0f9pXLK-zfwMA,Bogdan Pricope,2018-12-13T15:00:27Z
DebfPZgMsCI,"Des milliers de joueurs PS5 bannis, Xbox + Sega teasing, Silent Hill et Metal Gear bient√¥t sur PS5 ?",UCRXcryyD7dzNQzd0Zkbj3ug,Julien Chi√®ze,2020-11-30T07:15:43Z
4P8W-leKKn4,Unboxing XBOX SERIES X + Nyalain PERTAMA Kali! | Lazy Unboxing,UCbb5TgzYFaLw0_QYxMvxDdg,The Lazy Monday,2020-11-22T12:23:16Z
odnj9c4JLBc,XBOX Series X e S: MICROSOFT CHE COMBINI?,UC_eA572lBzVkpXhoeWnqSKQ,Quei Due Sul Server,2020-11-20T17:41:08Z
KpXV2mwL9b8,Xbox One startup but with 360 sound,UCW3zc7UnlArF32CRvYGwaXQ,ThunderMasterMind,2017-06-21T23:49:41Z
bqZuoAq0sT0,EMPE√ëO MI XBOX SERIES X Y ME DAN MUY POCO...,UCr6U90SjEcVfNbj0UAGRFtA,Expector,2020-12-05T00:30:02Z
w8lFvgATpH4,Xbox Series X MAJOR problems Follow up! My PS5 now has problems...,UCZFJqMf_h9F3yfjLtrl0frA,Mark's Tech,2020-11-15T18:13:29Z
iavjD0ZDWsU,Xbox Series X One Month Review | Worth it vs the PS5?,UCVLN0tY51ewH44wUtx3YZTA,Tech Spurt,2020-11-24T14:00:09Z
YuDwOlT1bvk,2020Âπ¥‰ªÄ‰πà‰∏ªÊú∫ÂÄºÂæó‰π∞ÔºüPS5„ÄÅÊñ∞XboxÂíåSwitchË¥≠‰π∞ÂâçÁûªÊé®Ëçê,UCAQmUESq4GxO1b_iBCrYlTA,Dio Chan,2020-02-04T04:40:42Z
g9XgzbYGoVw,Xbox Series X/S Can Play More PS2 Games Than PS5 - IGN Daily Fix,UCKy1dAqELo0zrOtPkf0eTMw,IGN,2020-12-02T22:51:30Z
69a4Ea_F1Cs,LA MIGLIOR CONSOLE: Playstation 5 o Xbox Series X?,UC_eA572lBzVkpXhoeWnqSKQ,Quei Due Sul Server,2020-12-02T17:38:16Z
V4qOe3VK1Eg,Xbox Game Pass Update | November‚Äôs BIGGEST Additions,UCozZmz40Oc6NYD4JtZJgO8A,Xbox On,2020-11-29T20:00:02Z
AVcHXTXKd7w,19 Xbox Series X|S hidden features &amp; settings you DIDN‚ÄôT KNOW!,UCozZmz40Oc6NYD4JtZJgO8A,Xbox On,2020-11-20T20:00:03Z
zlXvHMXRVGY,PS5 &amp; Xbox Series X Sales Surprise In Japan And GOTY Nominations Cause Controversy | News Wave,UCoIXnB865l9Ex9zs4OIXTdQ,Spawn Wave,2020-11-19T13:00:14Z
Brts-pWpV3Q,–ö—É–ø–∏–ª Xbox Series S - –û–±–∑–æ—Ä –Ω–µ–∫—Å—Ç–≥–µ–Ω–∞ –∑–∞ 300$ | –ß—Ç–æ –Ω–µ —Ç–∞–∫?,UCNCeU8hmEmPXU3W_rSs3DYA,IT Sreda,2020-11-12T07:00:01Z
OGNgWT3ZEHI,GameCube Games On The Xbox Series X...How Do They Play?,UCoIXnB865l9Ex9zs4OIXTdQ,Spawn Wave,2020-11-28T15:47:50Z
DapiacYufcA,XBOX series X. La MIA recensione! E CONFRONTO Series S,UC5yXB_ThsufRJYMRlzIGoeQ,andreagaleazzi.com,2020-11-22T17:00:03Z
vddgByPt2fY,Playstation 5 vs Xbox Series X | Bu neslin kazananƒ± kim?,UCOFafpmI_dt8SxisbKniN4A,Mesut √áevik,2020-11-10T19:17:13Z
bsqO6mfRhuc,"Xbox Series X: La consola m√°s poderosa de la historia | Unboxing, juegos, controles",UCTVlEYIot8eHlhSlziENlog,elgranqenk2,2020-11-21T04:11:04Z
6YXGUoVfMN0,Xbox - December 2020 Games with Gold,UCjBp_7RuDBUYbd1LegWEJ8g,Xbox,2020-11-24T16:00:03Z
OH8fz9pnE64,Microsoft –æ—Ñ–∏—Ü–∏–∞–ª—å–Ω–æ –ö–£–ü–ò–õ–ò Bethesda! The Elder Scrolls 6 –±—É–¥–µ—Ç –≠–ö–°–ö–õ–Æ–ó–ò–í–û–ú Xbox Series X?!,UCUKozrdkGiiw_MkUSjqssGQ,–ö—É–ª—å—Ç–∞—Å –ñ–ò–í–¨–ï–ú,2020-09-21T16:32:31Z
fnCPp00_ITM,Das Scheitern der XBOX One,UCMXLdjrQi4JzY0NNvCdUEUQ,Ulti,2020-08-30T10:15:02Z
VxPUXRUYshU,Xbox Series X | S : TEST ET COMPARATIF,UC-pdFydi9ooxEfATh3KoiIw,STEVEN,2020-11-13T17:30:02Z
4zHAFzeBSP4,PRVI PUT KORISTIM XBOX,UC8GI5pTnHATgRK6vgWhu_-A,Cile ST,2020-06-03T11:55:23Z
m14e6UXQIts,PS5 VS. XBOX SERIES X | RECENSIONE DI UN PC GAMER,UC6NpRkanSBgQVdPZs_y3aKg,Prodigeek,2020-11-22T16:00:37Z
YkGNlVfQvNs,Skyrim Mods on Xbox Series X Make it The Ultimate Console Version,UCKy1dAqELo0zrOtPkf0eTMw,IGN,2020-11-30T13:05:00Z
Yj4PHRL9Ja8,–¢–æ–ø 8 —Ñ–∏—à–µ–∫ PlayStation 5 vs Xbox Series X. –ü–æ–ª–Ω—ã–π —Ç–µ—Å—Ç PS5 –∏ —Å—Ä–∞–≤–Ω–µ–Ω–∏–µ.,UC6uFoHcr_EEK6DgCS-LeTNA,PRO Hi-Tech,2020-11-23T09:51:01Z
nALbGpsUmxU,Attemping to Buy the Xbox Series X and Xbox Series S from Walmart - Launch Day,UCT1Xazfuqh3oY1K_8C3J7fQ,Jake Randall,2020-11-10T18:43:26Z
HQ1VYPGE_zc,Confronto PS5 vs XBOX Series X e S,UC5yXB_ThsufRJYMRlzIGoeQ,andreagaleazzi.com,2020-11-27T13:00:30Z
FzBxe4xUiNM,–ß–¢–û –í–´ –°–î–ï–õ–ê–õ–ò –° –ú–û–ï–ô –ö–û–®–ö–û–ô? –û–ë–ó–û–† XBOX SERIES X,UCH7vazfQkjRfpCa7ShQH7lQ,SERJTHEKING,2020-11-29T14:06:15Z
CjetFxBA71M,NAJWIƒòKSZE PROBLEMY PlayStation 5 i Xbox Series X,UC-867iftJqBGr0mQ83xqyKw,Spider's Web TV,2020-11-11T13:22:48Z
P7nEyYpoK0I,Windows 10 Xbox App 0x406 fix,UC3glNE7atmIgxLGmftrLbJw,Nate Break,2016-10-11T10:50:02Z
cTef7nq5Okk,Xbox GAME PASS Games you may have OVERLOOKED!,UCEFymXY4eFCo_AchSpxwyrg,MetalJesusRocks,2020-11-17T14:00:05Z
bo5Kji-RNbM,Xbox RESPONDS To PS5 OUTPERFORMING Xbox Series X | Xbox Series X UPGRADES Coming Soon?,UC1Ze81XDuhJOGbaNq-CZXUA,Rand al Thor 19,2020-11-27T01:00:06Z
R3hrk6T5yaY,XBOX Series X &amp; AC: Valhalla | FAZIT nach 5 Tagen! (4K/60FPS),UCJZnRJATAFN5rbXpewp7Vyw,mpoxDE,2020-11-15T16:22:03Z
lIdMLKXLeOI,10 NEW REALISTIC THINGS IN FIFA 21 NEXT GEN (PS5 &amp; XBOX Series X),UCPKygO_jZ0eITGwO9mSV-Og,2SANDER7,2020-12-03T13:00:13Z
IWicUud_clI,Ps5 Vs Xbox Series X - The Clear Winner,UC4_bwov47DseacR1-ttTdOg,boogie2988,2020-12-05T00:24:08Z
W4jvm1rSXEQ,„Å§„ÅÑ„Å´Ê¨°‰∏ñ‰ª£Ê©ü„ÅåÊù•„ÅüÔºÅXbox seriesXÈñãÂ∞Å„Å®„Éï„Ç°„Éº„Çπ„Éà„Ç§„É≥„Éó„É¨„ÉÉ„Ç∑„Éß„É≥ÔºÅ,UCh_fW8LxPsfr9UooM37tRSA,„Åë„ÅÑ„Åò„ÉÅ„É£„É≥„Éç„É´,2020-11-10T14:23:33Z
ZrP_gMXGXiU,Xbox Series X secondo un designer,UC8yOoFdxxhUXmgYtyXpbr3Q,BRECCIA,2020-11-10T13:15:01Z
PS7W-vdJo5M,"Xbox One S Mi Almalƒ±yƒ±m PlayStation 4&#39;m√º ? (Nasƒ±l Karar Verilmeli, Farklarƒ± Neler ?)",UC76fP7T-H7owwaQq2EctlJQ,Anƒ±l Keskinba≈ü,2020-02-17T18:24:13Z
WXPdlWLQ5PY,Xbox Series X Gameplay + Quick Resume | 86‚Äù 4K 120hz,UC0oI44ZUVCqq4meNOOaKPTQ,SpawnPoiint,2020-11-19T14:00:11Z
WfjgpcWCfWk,Xbox Series X Unboxing | PS5 Ki Story Ka Villan.,UCheoCqHDwPcfS9Jrgz8siQw,VideoWaliSarkar,2020-11-27T14:11:57Z
AcZrrjJYkq0,10 fakt√≥w o XBOX SERIES X po tygodniu z konsolƒÖ,UC-867iftJqBGr0mQ83xqyKw,Spider's Web TV,2020-10-23T08:56:09Z
oRZrhRIqi0o,„ÄêÂõΩÂÜÖÊúÄÈÄüÈñãÂ∞Å„É¨„Éì„É•„Éº„ÄëÂ∞è„Åï„Åô„Åéww XBOX„Ç∑„É™„Éº„Ç∫SÔΩ∑ÔæÄ‚îÅ(Ôæü‚àÄÔæü)‚îÅ!! D„Ç≤„Ç§„É´ ÂÆüÂÜô Ê¨°‰∏ñ‰ª£„Ç≥„É≥„Éà„É≠„Éº„É©„Éº Êú¨‰Ωì„ÅÆÂ§ß„Åç„ÅïÊØîËºÉ Ê≠¥‰ª£ XBOXONE 4K,UCBERF7Bp43yKWe-9e3fqoqw,D„Ç≤„Ç§„É´,2020-11-09T22:49:20Z
0duvlbro4Gk,"Phil Spencer Talks Xbox, Halo, Elden Ring, and More",UCbu2SsF-Or3Rsn3NxqODImw,GameSpot,2020-11-11T14:00:01Z
6Wieiy9LlLs,üéÆ PLAYSTATION 2 en XBOX SERIES S ¬ø es capaz de emulaci√≥n correcta en PS2 ?,UCWcp1Mwm7_bJ-mVoZb8TdkQ,TuberViejuner,2020-12-01T19:30:11Z
piHIWTJKi_A,The Xbox Series S Does What The PlayStation 5 Don&#39;t,UC__Oy3QdB3d9_FHO_XG1PZg,ReviewTechUSA,2020-12-01T21:19:11Z
q6Ho_Y51jJo,LLEG√ì LA XBOX SERIES X! Unboxing e impresiones,UCwGX2cE21VPBEJ49hcprP9w,SupraPixel,2020-11-14T18:03:45Z
JNl5Poj8Ysg,Czy warto kupiƒá Xbox 360 w 2020 roku? - Hardware,UCqRxTkRhpQ49jA5UKVh4RCw,NRGeek,2020-02-16T07:00:01Z
0HqOkUsLnDw,How to Record Gameplay and Voice on Xbox One!!! (No Game Capture Needed),UCbaGXVcEeJrHp2W_wuTPdxQ,vCoffeecup,2016-02-06T10:34:17Z
_HyMtf2LPnA,–í–û–¢ –ü–û–ß–ï–ú–£ PS5 –õ–£–ß–®–ï XBOX SERIES X,UCOjjJFywLQTzZcARKsTUzXA,DaiFiveTop,2020-11-24T15:23:00Z
cTVfEnuYp5Y,üî¥ EVENTO XBOX M√âXICO | ESPA√ëOL | WELCOM NEXT GEN,UCVZrXOksHVczMJmCUpZiYEg,Halo Games,2020-11-10T04:03:13Z
wQBaZJh8P7Q,Everything Xbox Series X Does BETTER Than PS5,UCvO9Xk3bheuxEemvknCj72g,WhatCulture Gaming,2020-11-22T15:30:03Z
3j0ZzVmfEyI,Was I WRONG About Xbox Series X? - Console Review,UCiHFS5txB0O7jckRk-oK8XQ,DreamcastGuy,2020-11-10T23:08:11Z
z0Cd0q21nc0,"Xbox Makes HUGE PROMISE | Phil Spencer Talks Xbox Series X vs PS5 CONSOLE WAR, Halo Infinite &amp; More!",UC1Ze81XDuhJOGbaNq-CZXUA,Rand al Thor 19,2020-11-26T01:30:06Z
Kto60aGe6gU,XBOX SERIES X ecco i miei test e considerazioni,UChQlb1CdktgAt4k7U0TqisQ,Parliamo di Videogiochi,2020-11-05T15:51:26Z
ienCATDCYuM,"Xbox Game Pass Update | Control, Gang Beasts, DOOM Eternal (PC) + 15 MORE ADDED!",UCozZmz40Oc6NYD4JtZJgO8A,Xbox On,2020-12-03T20:00:04Z
pFa_Mpf3f4E,10 OPTIMISED Games For Xbox Series X|S You HAVE To Play!,UCozZmz40Oc6NYD4JtZJgO8A,Xbox On,2020-11-23T20:00:16Z
-8wO05SbQ6E,"Jeux PS2 sur Xbox Series, Uncharted aux Game Awards ? Xbox tease une annonce, Kratos dans Fortnite",UCRXcryyD7dzNQzd0Zkbj3ug,Julien Chi√®ze,2020-12-03T08:20:49Z
2ObLAzxxzF8,"1er bilan Xbox Series XS France üá´üá∑ Game Pass &amp; co avec Ina Gelbert, directrice Xbox France",UCRXcryyD7dzNQzd0Zkbj3ug,Julien Chi√®ze,2020-11-24T12:05:55Z
ZPM_fVMDxYQ,My Honest Thoughts On The Xbox Series X + Games!,UCA5RGaQc-a8tIX_AqTTmWdw,RGT 85,2020-11-11T15:00:09Z
CmIjrB7HLAE,&quot;PS5 Just DESTROYED Xbox Series X &amp; S! Game Over For Microsoft&quot; | The Amazing Lucas Hates Xbox,UCebx-TT_kPognZx1nIfnb_g,Griffin Gaming,2020-12-03T20:43:35Z
No3Lc1Ereyc,Xbox Series Controller Teardown - A Repairability Perspective,UCfOrKQtC1tDfGf_fFVb8pYw,TronicsFix,2020-12-02T17:15:00Z
GHsCBa2D4Qc,I Hosted A PS5 VS XBOX SERIES X 1v1 Tournament...,UC3q_KTjxJnbRUNMVTrvyGmQ,Plalism,2020-12-05T17:45:00Z
S73acBiJnhs,"Xbox Series X 1st MAJOR UPDATE | New Xbox Studio, Halo Infinite &amp; Forza Horizon 5 Rumors",UC1Ze81XDuhJOGbaNq-CZXUA,Rand al Thor 19,2020-12-01T01:45:19Z
dVwL3U2wiV0,XBOX SERIES X | S: 107 datos que DEBES saber ANTES DE COMPRAR | AtomiK.O.,UC7FFfS8Gaz0YSB8Gg0-VRew,AtomiK.O.,2020-11-14T23:00:09Z
sZ16fsn4Jog,&quot;PS5 –æ—Å—Ç–∞–µ—Ç—Å—è –∫–æ–Ω—Å–æ–ª—å—é –¥–ª—è –≠–õ–ò–¢–´&quot; | &quot;XBOX –ø—Ä–æ—Å—Ç–æ –Ω–µ —É–≥–Ω–∞—Ç—å—Å—è&quot; –ø–æ –º–Ω–µ–Ω–∏—é –°–æ–Ω–∏–±–æ—è,UCUzkWdUCkVrkKCcmut9epTQ,DeadP47,2020-10-22T08:17:39Z
IPmjxBh3LcA,as√≠ es WARZONE en XBOX SERIES X üíö ¬øse ve bien? GAMEPLAY en ESPA√ëOL a &quot;4K&quot; | Call of Duty - Series S,UCNPWARorKUDbKJNzPXX9Org,Josanguz,2020-11-10T21:37:32Z
MLC0661y-o8,Xbox Series X vs Series S: Spar dir das Geld!,UCoYFo3L74njkPCbj6LyiexA,OwnGalaxy,2020-11-06T16:52:55Z
7pK5dVpgVo4,–Ø –±—ã–ª –ù–ï–°–ü–†–ê–í–ï–î–õ–ò–í —Å Xbox Series X...,UCUKozrdkGiiw_MkUSjqssGQ,–ö—É–ª—å—Ç–∞—Å –ñ–ò–í–¨–ï–ú,2020-11-11T15:02:56Z
KVHrZ0iwJm4,Playing Fortnite PC with an XBOX 360 CONTROLLER! (Fortnite Season 2 Gameplay),UCz1JgMU3XpxxbS_AbXhEpeQ,Cypnos,2018-02-13T18:00:01Z
40mAECu-pcY,XBox Series S Unboxing: My first XBox!,UCSy9Nf-NSaQbP4PyA5jnd2A,Joshua Vergara,2020-11-11T08:00:00Z
klnBngT4dFw,XBOX ÏãúÎ¶¨Ï¶à XÍ∞Ä Ï∞®ÏÑ∏ÎåÄÍ∏∞ ÏãúÏû•Ïóê ÎÇ¥Í±¥ ÏäπÎ∂ÄÏàò | DO SPECIAL,UCnhZk0ebU5fm9oazpCtc_Sg,GameDO,2020-09-13T12:41:15Z
WG9gog0VywE,PS5 DualSense vs Xbox Series X Controller ‚Äî –°—Ä–∞–≤–Ω–µ–Ω–∏–µ –Ω–µ–∫—Å—Ç–≥–µ–Ω –≥–µ–π–º–ø–∞–¥–æ–≤. –ß—Ç–æ –ª—É—á—à–µ?,UCVKFZtHLpIO5I9cxKC8FG3Q,XGTV,2020-11-04T17:57:57Z
Y68sN0urIcY,UNBOXAR HELT NYA XBOX SERIES X! *VISAR ALLA NYA SPEL &amp; FUNKTIONER*,UCsvCwKoFk0PmPdMZQJpWiKw,L22,2020-11-10T05:00:09Z
Zet16NGoUWc,"Kolejne 15 powod√≥w, dla kt√≥rych WARTO mieƒá Xbox Series X|S | Xbox XY Extra",UCe9CD58cPQSbahnU_KoD00Q,Xbox Polska,2020-12-01T10:00:28Z
sBUbGKRREnM,"CYBERPUNK 2077 NEW GAMEPLAY (4K 60FPS) - PS5, PS4 Pro, XBox, PC",UC0SxtynV4Dc9uw2P05didBA,SPD Gaming,2020-11-30T08:00:07Z
t_L-SGDto70,"Xbox Series X, an√°lisis DEFINITIVO",UCwGX2cE21VPBEJ49hcprP9w,SupraPixel,2020-11-28T19:30:02Z
wGVCNEsIN7k,Itpedia –∫—É–ø–∏–ª Xbox Series X | –†–µ–∞–∫—Ü–∏—è –±–∏–ª–ª–∏–±–æ—è –Ω–∞ –≥–ª–∞–≤–Ω–æ–≥–æ —Å–æ–Ω–∏–±–æ—è,UCVIVLR54u-ZC5nyU4PPd6Mw,JumboMax,2020-11-13T06:51:05Z
iR6dB59iKwM,FIFA 21 | PS5 vs Xbox Series S|X | Graphics Comparison &amp; FPS,UCCV8Mj59PZkf3ON_U8q4n7g,ElAnalistaDeBits,2020-12-04T16:54:48Z
PWUGA_YRKHw,COMEMORA√á√ÉO DE LAN√áAMENTO XBOX SERIES X|S NO BRASIL üáßüá∑üéÆ,UCi9Uzh14BHqkN7UO_2lbrMw,XboxBR,2020-11-09T20:00:10Z
b1rguECjPa0,itpedia –ù–ï —É–Ω–∏—á—Ç–æ–∂–∏–ª Xbox Series X |  –°–º–æ—Ç—Ä–∏–º - PS5 –£–ù–ò–ß–¢–û–ñ–ò–õ–ê Xbox Series X,UCqUSSZhIWecYucbS8HkpMqQ,Pulyaev,2020-09-20T11:42:06Z
qY10nc8UQmI,XBOX Series X nach 1 Monat! (review),UCF_n906__yoMtxZQtmqmZbA,iKnowReview,2020-11-24T15:05:15Z
z428MolYgZ0,2020 yƒ±lƒ±nda Xbox One S hala alƒ±nƒ±r mƒ±?,UCzNu79N8Lq1wUY52MkhWKSA,ShiftDelete.Net,2020-05-19T09:05:00Z
wSS8ssTKLgA,–ü–ï–†–í–´–ô –ó–ê–ü–£–°–ö XBOX SERIES X,UCVIVLR54u-ZC5nyU4PPd6Mw,JumboMax,2020-11-11T14:33:52Z
HLBNneJRqXs,Xbox Update | December 2020,UCozZmz40Oc6NYD4JtZJgO8A,Xbox On,2020-12-01T20:00:07Z
JwUdH6qKKwc,Xbox series S PORTATIL -KIT para JUGAR en cualquier lado-,UCYkoAtIMi6oFG_8SO5YrauQ,clipset,2020-12-03T18:00:03Z
TsX7iz15hmk,Itt az √öJ konzolgener√°ci√≥: XBOX Series X!!,UCRJovKcgUL7QumDE1YsLqzg,Magyar√≥si Csaba,2020-11-05T14:00:08Z
0JLNKuEl4Bg,XBOX SERIE S sa di POLLAIO,UC5GSO2hiHevgZUhSQIJNd2A,Quei Due Sul Server 2,2020-11-18T20:30:44Z
8buQXF6rn2w,NEW Xbox Series X Exclusive Game LEAK? | Xbox SHUTTING DOWN The Trolls,UC1Ze81XDuhJOGbaNq-CZXUA,Rand al Thor 19,2020-11-03T23:46:49Z
YbbeQyKg4No,MADDEN 21 NEXT GEN CAREER MODE! NFC Championship vs Aaron Rodgers (Xbox Series X Gameplay),UCtuKVZ8J_E2N9BqswnBTdjg,QJB,2020-12-04T15:00:11Z
nLmoLQpI_Lw,"Xbox Series X: ¬øVale la pena comprar? - Servicios, juegos recomendados, y M√ÅS",UCTVlEYIot8eHlhSlziENlog,elgranqenk2,2020-12-04T02:01:02Z
HarDsCXn7i4,"CHEGOU! XBOX SERIES S, o console ‚ÄúBARATO‚Äùda Microsoft! Unboxing e Impress√µes",UCY5nGkuALqkKKOVhivryH3A,Gesiel Taveira,2020-11-19T14:50:01Z
jHb0v5VmwvE,"GROSSE rumeur Xbox, Dragon Age 4, Oscar Isaac sera Solid Snake,  des milliards pour Call of Duty",UCRXcryyD7dzNQzd0Zkbj3ug,Julien Chi√®ze,2020-12-07T07:26:29Z
pm-syIUskZ0,as√≠ es FORTNITE en XBOX SERIES X üíö ¬øse ve bien? GAMEPLAY en ESPA√ëOL a &quot;4K&quot; | Xbox Series X | S,UCNPWARorKUDbKJNzPXX9Org,Josanguz,2020-11-10T16:42:41Z
M806vU885qo,How Does My ¬£300 Gaming PC Compare To The Xbox Series S?,UCUzjKyS5r72bfvPkA6GxpRg,RandomGaminginHD,2020-12-01T19:50:50Z
luXfDJk_iNc,The Elder Scrolls 6 –º–æ–≥—É—Ç —Å–¥–µ–ª–∞—Ç—å –≠–ö–°–ö–õ–Æ–ó–ò–í–û–ú Xbox Series X...,UCUKozrdkGiiw_MkUSjqssGQ,–ö—É–ª—å—Ç–∞—Å –ñ–ò–í–¨–ï–ú,2020-10-17T14:04:16Z
YofkHyuqoYI,Xbox Series S kutusundan √ßƒ±kƒ±yor! - Yeni nesil oyunun en ucuzu!,UCzNu79N8Lq1wUY52MkhWKSA,ShiftDelete.Net,2020-10-31T15:58:24Z
68ZNmqlJIOI,10 Sebab Jangan Beli Xbox One | Sembang Nerd Ep. 18,UCJRM-VZ_SnLQvhlyJMHoAMw,The Kampung Nerd,2018-11-25T16:23:35Z
yEa56iNs8-0,"Xbox Series X BOOSTED | Phil Spencer AMD Event, PS5 Upgrade Details, Halo, New Xbox Update",UCJxnwvg6KA3tr04K-tBO-bQ,Dealer - Gaming,2020-12-04T16:00:32Z
wnOF7yOr9Ko,Microsoft CEO Talks XBOX vs PS5 | Xbox Series X Scalpers SCREWED | PS2 Games on Xbox Series S,UC1Ze81XDuhJOGbaNq-CZXUA,Rand al Thor 19,2020-12-03T02:00:02Z
2PHuS0f0EfU,YENƒ∞ NESƒ∞L XBOX KONSOLLARI √ñZEL ETKƒ∞NLƒ∞ƒûƒ∞,UCvKcRMr2_wmejWIIMuVRGZA,Multiplayer,2020-11-09T19:19:19Z
QBiBC_HOTXk,XBox Series S Unboxing and first Impressions with a 1440p Monitor,UCwNKv8AUiwqJ_zqBlJ2gxiw,JoelsterG4K,2020-11-10T20:07:53Z
vQY2STOADOE,Xbox One 2018 Where is Browser?,UCuWAL_WMJhYgD5ijBsgmKkw,TC Cantrell,2018-01-01T15:00:47Z
n2sVG7YvFyk,SOIR√âE SPECIALE XBOX AVEC HENRIREJAUNE,UCB3Vqxt5hVRKKWivG_OI4DA,Alderiate,2020-11-19T17:00:27Z
G9JLK5y0iAE,MICROSOFT ENLOUQUECEU: 15 JOGOS GR√ÅTIS SEM PAGAR NADA PARA SEU XBOX 360 CORRE E PEGUE J√Å üò±üò±üò±,UC6ZksIzSek1bWYHPoUvFWZA,AnderLyneGames,2020-12-04T17:00:13Z
TESRnDl1KlM,Joguei de KRATOS no XBOX SERIES X? - Fortnite,UC0thds55Zx_icfe2QyO5eIA,Hagazo,2020-12-04T12:01:25Z
nUNIgja6RYg,Xbox one S fan noise buzzing sound,UCzEcIa_fh7drnSvpyb2sPBA,Paul Fredrick,2016-08-02T05:56:47Z
5fNUvV1brXo,–ù–∞—á–∞–ª—å–Ω–∏–∫ Xbox Series X —Å–æ–≤–µ—Ç—É–µ—Ç –°–û–ë–°–¢–í–ï–ù–ù–´–ú —Ñ–∞–Ω–±–æ—è–º –üO–°O–°A–¢–¨,UCUKozrdkGiiw_MkUSjqssGQ,–ö—É–ª—å—Ç–∞—Å –ñ–ò–í–¨–ï–ú,2020-11-26T14:31:11Z
GRa7UiFR9QA,XBOX SERIES X : La console SURCHAUFFE ?! üò® Explications | Pourquoi c&#39;est fake !,UCDGmZYT5QfvfEXgzaEAYNpg,Jeux Vid√©o Magazine,2020-11-11T17:32:53Z
plxeHShOgRQ,PS5„Çà„ÇäÊÄßËÉΩ„ÅåÈ´ò„ÅÑ„ÅØ„Åö„ÅÆXbox„Å™„ÅÆ„Å´„Å™„ÅúPS5„ÅØ„Åù„Çå‰ª•‰∏ä„ÅÆÊÄßËÉΩ„ÇíÂá∫„Åô„ÅÆ„ÅãÔºü„Äê„Ç≤„Éº„É†„Éã„É•„Éº„Çπ„ÉªË©±È°å„Åæ„Å®„ÇÅ„Äë,UCh_fW8LxPsfr9UooM37tRSA,„Åë„ÅÑ„Åò„ÉÅ„É£„É≥„Éç„É´,2020-11-29T04:00:06Z
Q5guYjQh6uk,Xbox Game Pass –∏ Xbox Series X/S ‚Äî –∞–∫—Ç—É–∞–ª—å–Ω–∞—è –∏–Ω—Ñ–æ—Ä–º–∞—Ü–∏—è,UCVaY1tD0M_kLbetqbUmSHOA,Denis Major,2020-10-06T08:24:04Z
6PPURBqoJx4,100 ÿ≠ŸÇŸäŸÇÿ© ÿπŸÜ XBOX,UC4Bf3WKRaNAu1U-KaEaIZeQ,Playmore Media - ÿ®ŸÑÿßŸäŸÖŸàÿ± ŸÖŸäÿØŸäÿß,2020-12-03T17:00:02Z
4dTKh1OYQbs,Giving People Free PS5 Or Free Xbox,UCs-RHLMgqjC1CS9Rsq4I3Xg,Legit Tim,2020-12-02T17:00:11Z
LUcvuPariQ8,"NAJMOCNIEJSZA KONSOLA NA RYNKU üòà | Test, recenzja XBOX Series X",UCmsxFRm1zRgueucG2Pc9Kzg,x-kom,2020-11-10T08:31:01Z
Ty3leTuWmIQ,–ü–æ—á–µ–º—É —è –≤—ã–±—Ä–∞–ª Xbox Series X,UCw9zJnmccvZ5d13zXTLWGWg,–ë–∏—Ç—ã–π –ü–∏–∫—Å–µ–ª—å,2020-11-17T14:37:54Z
zXIhMK9bEA0,XBOXÊ¨°‰∏ñ‰ª£Ê©ü„ÅåÊú¨Êó•Áô∫Â£≤ÔºÅ„Åú„Å≤„Éó„É¨„Ç§„Åó„Å¶Ê¨≤„Åó„ÅÑË∂Ö„É™„Ç¢„É´„Å™Á•û„Ç≤„Éº„ÇíÁ¥π‰ªãÔºÅÔºÅ„Äê4K60FPS„Äë„ÄêFH4„Äë,UCfIMLeV15jlAGmYWTuQlpCA,OKD Games -OKADA-,2020-11-10T10:00:29Z
5fKLyetRNkI,Xbox Series X - Meg√©ri az √°r√°t?,UCeAB8_SpJPf-xLP4VqHk6TQ,Andras Horvath,2020-11-27T06:56:14Z
h-6BgRPsPXQ,"New Games, Next-Gen Upgrades, and Great Xbox Game Pass Additions | This Week on Xbox",UCjBp_7RuDBUYbd1LegWEJ8g,Xbox,2020-12-04T17:00:18Z
0W36gBvn9JM,Please DON&#39;T Vape Into Your Xbox Series X!!!,UCSxLDHfK2yzL7jhCJWG7EPg,8-Bit Eric,2020-11-12T03:38:29Z
TIf4f1VjwEw,"ÎìúÎîîÏñ¥ ÏãúÏûëÎêú Ï∞®ÏÑ∏ÎåÄÍ∏∞Ïùò ÏãúÎåÄ, XBOX ÏãúÎ¶¨Ï¶à X Ïñ∏Î∞ïÏã± | DO UNBOXING [4K]",UCnhZk0ebU5fm9oazpCtc_Sg,GameDO,2020-11-11T23:15:04Z
qO2tdxaI5Jg,Assassin&#39;s Creed Valhalla New Patch Comparison - Performance vs. Quality (Xbox Series X|S),UCrQBgWbUI4K4qjuQLmVmqKA,Resero,2020-11-26T21:00:06Z
YeCgdwUf5-w,"Xbox Series X - –ö—É–ø–∏–ª, —Ä–∞—Å–ø–∞–∫–æ–≤–∫–∞, –ø–µ—Ä–≤–æ–µ –≤–∫–ª—é—á–µ–Ω–∏–µ, —ç–º–æ—Ü–∏–∏",UCRoHpKIv_FJ0lsphJQFiuVQ,–ó–í–ï–†–¨–ï,2020-11-10T18:24:58Z
j2EZLb2ZMO8,&quot;XBOX –∫—É–ø—è—Ç —Ç–æ–ª—å–∫–æ –ù–ò–©–ò–ï!&quot; | &quot;PS5 –ø—Ä–æ–∏–≥—Ä—ã–≤–∞–µ—Ç –ø–æ Google-–∑–∞–ø—Ä–æ—Å–∞–º!&quot; - –ø–æ —Å–ª–æ–≤–∞–º –°–æ–Ω–∏–±–æ—è,UCUzkWdUCkVrkKCcmut9epTQ,DeadP47,2020-11-10T07:30:01Z
G4QfHfhgsEk,"Xbox Series S: –ø–µ—Ä–≤—ã–µ –≤–ø–µ—á–∞—Ç–ª–µ–Ω–∏—è, —Ä–∞—Å–ø–∞–∫–æ–≤–∫–∞, —É—Å—Ç–∞–Ω–æ–≤–∫–∞ –∏ –∑–∞–ø—É—Å–∫ –∏–≥—Ä (–∑–∞–ø–∏—Å—å –≥–µ–π–º–ø–ª–µ—è –≤ 4–ö)",UCVaY1tD0M_kLbetqbUmSHOA,Denis Major,2020-11-19T09:01:23Z
45oaxGHqwRo,¬øEn cual CONSOLA se ve MEJOR el GTA Online? | PS5 vs Xbox Series X,UCyydhvZSWtSIVkpUcmxZuig,Weariest Barrel,2020-11-26T00:00:14Z
cDl2OGGAoBQ,PS5 Boss SPEAKS OUT On New Xbox Series X Bethesda Games Exclusives | Microsoft &amp; Sony Clarify,UCJxnwvg6KA3tr04K-tBO-bQ,Dealer - Gaming,2020-11-20T17:05:20Z
PABKYAVRQ4E,"Recenze Xbox Series X, nejv√Ωkonnƒõj≈°√≠ konzole od Microsoftu",UCZklXaNxNLip9l9KfZ3NL1A,Indian - Po≈ôad o hr√°ch,2020-11-05T14:00:05Z
VOF2mJI9LcU,Un usuario reporta que Xbox series X ECHA HUMO COMO UNA CHIMENEA y XBOX POLONIA LE HA CONTACTADO,UCxCg-nM4YEw-DMGGmDFlSHg,el profesor gamer,2020-11-11T14:00:44Z
gCzyB-8RetU,–≠–∫—Å–∫–ª—é–∑–∏–≤—ã Playstation –Ω–∞ Xbox One,UCeemTTAKVjHucKYFmc8V3Ug,–£—é—Ç–Ω—ã–π –ø–æ–¥–≤–∞–ª—å—á–∏–∫,2020-12-01T12:00:23Z
fwwhKV7dqFw,"BUGSNAX,  A Desgra√ßa do PS5 üéÆ Irm√£os Piologo Games üéÆ Playstation 5 - XBox Series X",UCP0GI-IbEZV59oExPioxeHw,Irm√£os Piologo,2020-12-04T15:00:11Z
VqvqdAoPkNQ,„ÄêÈñãÁÆ±Ë∂£„ÄëÁµÇÊñº‰∏âÊ©üÂà∂Èú∏!! XBOX Series XÈñãÁÆ±È´îÈ©ó„ÄàÁæÖÂç°Rocca„Äâ,UCkQMrI3g9wV2F5CsIi6odmQ,ÁæÖÂç°Rocca,2020-11-10T10:57:55Z
G6QOEDZZz6Q,„Äê4KÊ¨°‰∏ñ‰ª£„Äë10ÂàÜÈêò‰∫ÜËß£ Xbox Series X: ÂæûÈñãÁÆ±Âà∞Ë©ïÊ∏¨ÔºåÂ¶≥ÈúÄË¶ÅÁü•ÈÅìÁöÑ‰ø°ÊÅØÈÉΩÂú®ÈÄôË£è‰∫ÜÔºÅ,UCvUJ6BwgUGWBHuUd0cv546g,Â∞èÂØßÂ≠ê,2020-11-23T14:27:22Z
U4-plZFX2pQ,PS5ÏôÄ Xbox Series Î¨ºÍ±¥ Íµ¨ÌïòÍ∏∞ ÌûòÎì† Ïù¥Ïú†,UCm0ZLfuXuylGPkSKkWz5Tlw,Ï∞®Ïπ¥Í∞ú,2020-11-22T01:59:26Z
tYPLdPgbHbQ,Catch up on Xbox News | This Week on Xbox,UCjBp_7RuDBUYbd1LegWEJ8g,Xbox,2020-07-17T16:00:30Z
_v1dfZJoXsE,Xbox Series X: de grote comeback van de Xbox?,UCDmYblK8ScOM4LEfXCQNzCw,Bright,2020-11-05T14:01:38Z
9UGPLt49LSA,–ü–æ–∑–æ—Ä Xbox Series X? | PS5 –ø–æ–∫–∞–∑–∞–ª–∞ —Å–µ–±—è –ª—É—á—à–µ,UCVIVLR54u-ZC5nyU4PPd6Mw,JumboMax,2020-11-22T12:41:07Z
iyxZiqMxuSY,Gros COUP DE COEUR pour ce jeu Xbox Series et PC üåü Call of the Sea,UCRXcryyD7dzNQzd0Zkbj3ug,Julien Chi√®ze,2020-12-07T12:44:38Z
XNQYhdCiZug,Les 10 PLUS BEAUX JEUX de la XBOX ONE!,UCnyXbcCPqBOf_qXjyNF7dlg,Conkerax,2020-11-11T23:08:35Z
rdndexS8S9k,„ÄêÂ∞çÊØî„ÄëPS5 Âíå Xbox Series X ÊÄéÈ∫ºÈÅ∏ÔºüÊ¨°‰∏ñ‰ª£Â§ßÊØîÊãºÔΩúÂ∞èÂØßÂ≠ê,UCvUJ6BwgUGWBHuUd0cv546g,Â∞èÂØßÂ≠ê,2020-12-04T13:46:58Z
_PZsf__wr9U,[ÏµúÏ¥àÍ≥µÍ∞ú] Xbox ÏãúÎ¶¨Ï¶à XÎ•º Íµ≠ÎÇ¥ ÏµúÏ¥àÎ°ú ÎßåÏ†∏Î≥¥Í≥† Í≥µÍ∞úÌï©ÎãàÎã§! (1/3),UCpgfZSDjJLKuXVvobvpxx8g,ÎîîÏä§Ïù¥Ï¶àÍ≤åÏûÑ,2020-10-15T16:09:05Z
I6cuq-P1xeE,"¬°RECONOZCO QUE LA XBOX SERIES X NO TIENE JUEGOS, NO S√â A LO QUE JUGAR PORQUE NO HAY NADA! - Sasel",UCF3Ez6QwZwwr_E7RZGJMW0A,saselandia,2020-12-02T13:59:51Z
hC_vox-M_Zg,üéÆ Xbox Series X Unboxing: Nejv√Ωkonnƒõj≈°√≠ konzole na svƒõtƒõ?! | WRTECH [4K],UCn-b8vE_SmleAm7mOkywgOg,WhiteRabbit Channel #WRTECH,2020-11-11T09:00:10Z
i2EBFR1RYJ0,How to set a Custom Image as your wallpaper on Xbox One,UC_mt7XWHCN9AuC-83_LxaHw,Cheese Cookie,2016-09-06T23:57:43Z
x0bfJwJR3wI,XBOX SERIES X : le petit d√©faut de la Xbox Series...,UCprWC5gZXAZ6M5V--ZtmTvw,JVCom,2020-11-13T19:00:08Z
xoDMb89aI1I,üî¥ LIVE: Xbox Dream Stream,UC91UlBC3894upu3ZlzDxpWw,XboxDACH,2020-11-09T20:09:12Z
1eOCDaMRJZc,GTA 5 Change Characters Gender | After Update 1.46 [Xbox &amp; PS4],UCYyWIjPwvV4vUgsJU7iXTSQ,ThoroughbredGaming,2018-12-15T22:57:12Z
iFRYRow5GSg,Deplatform the Dissent - PS5 and Xbox Series X,UChI0q9a-ZcbZh7dAu_-J-hg,Upper Echelon Gamers,2020-12-01T03:06:08Z
LsxMjttRA7s,HUGE New Xbox Series X Exclusive Game Reveal COMING THIS WEEK? | Xbox At Game Awards 2020 Preview,UC1Ze81XDuhJOGbaNq-CZXUA,Rand al Thor 19,2020-12-07T02:05:07Z
er2XBLJL9K0,„ÄêÈÅäÊà≤ÈñíËÅä#132„ÄëXbox Series X‰πüÂ§™‰æøÂÆú‰∫ÜÔºÅXBSXÂà∞Â∫ïÁÇ∫‰ªÄÈ∫ºËÆìÊàëÊÉ≥Ë¶ÅË≥ºË≤∑ÔºüÊàëË≤∑XBSXÁöÑÁêÜÁî±ÁúüÁöÑÂæàÁûéÔºÅÁ∞°ÂñÆË¶èÊ†ºÂàÜ‰∫´ËàáË≥ºË≤∑ÁêÜÁî±,UCV4mpMSInbFxAIAGFk8e_JQ,ÁãêÁã∏ÁâßÂ†¥ foxranch,2020-09-14T10:00:09Z
ozjkSXfzymw,FORBES dice que XBOX Series X es la Mayor decepci√≥n  del mundo de los videojuegos en 2020,UCxCg-nM4YEw-DMGGmDFlSHg,el profesor gamer,2020-12-03T17:00:12Z
WOy303gYo-A,"HOW TO BECOME BETTER - Rocket League Tips (PS4, PC, Xbox One)",UCDpmQloh4oHARBR-YCeZxkA,Ducky.,2016-07-01T16:46:30Z
vrzJnd8Cz2k,–ß—Ç–æ —Å—Ç–æ–∏—Ç –≤ –ø–µ—Ä–≤—É—é –æ—á–µ—Ä–µ–¥—å –ø–æ—Å–º–æ—Ç—Ä–µ—Ç—å –Ω–∞ Xbox Series X,UCVaY1tD0M_kLbetqbUmSHOA,Denis Major,2020-11-10T08:37:00Z
RvmRgL89TuA,–û–ë–ó–û–† –ò –†–ê–°–ü–ê–ö–û–í–ö–ê XBOX SERIES X [XSX],UCLL5dVnel0uRX3aiyVXQYkw,TheGideonGames,2020-11-19T06:00:07Z
CJMhyR6CBMk,LA XBOX SERIES X - DE GROS PROBL√àME DE SURCHAUFFE INCROYABLE üî•,UCrCcpeVQlTCdoOId4yDUsZQ,Psyhodelik,2020-11-11T14:36:39Z
i22be86QFmQ,"–í–æ—Ç, –ø–æ—á–µ–º—É —è –ø–µ—Ä–µ—à–µ–ª —Å PS4 –Ω–∞ Xbox Series X, –∞ –Ω–µ –Ω–∞ PS5!",UCXD_ZzazPrbsHFBDEtrKM2Q,–Ø–±–ª–æ—á–Ω—ã–π –ú–∞–Ω—å—è–∫,2020-11-10T19:10:07Z
dy9Xj6XQsWc,‰ø∫„ÅÆÁÆ± XBOX Áµ∂ÂØæË≤∑„ÅÜ„Çè„Ç≤„Éº„É†10ÈÅ∏ „ÄêXBOX ONE / Xbox Series XÁ∑®„Äë,UC8vK6S6O8UpqUUcEitIFfHw,„Åå„ÇÅ„Åè„Çä,2020-05-16T01:45:02Z
2GWPoB3S4BY,CONFIRMED NEW Xbox Series X Exclusive AAA Game | NEW Xbox Studio NOT For Ps5 | Xbox &amp; Ps5 News,UCY4bpLxPH7P8YGZ2vC_eTmQ,Zalker 87,2020-11-27T20:00:01Z
z7Cii13GuTY,–ò–ì–†–ê –õ–û–ú–ê–ï–¢ XBOX SERIES X,UCVIVLR54u-ZC5nyU4PPd6Mw,JumboMax,2020-11-24T06:51:06Z
N1ZQklijO4M,"Unbox &amp; Play Xbox 360 Slim E Indonesia, GTA V, RIDE, FH2",UCcxAkARx7liaRD2BkKdDSxA,Escuadrat Indonesia,2020-02-02T23:35:46Z
DLRCz69m6vA,Ein Flop oder lohnt sich die Xbox Series S sogar als Zweitkonsole zur PS5? Review,UCqlV0Wt2OaPU9SVTigCuijQ,Dr. UnboxKing,2020-11-08T08:00:18Z
E8Vq7o2MndM,Î™®Î•¥Í≥† Í∞ÄÏûÖÌïòÎ©¥ ÌõÑÌöåÌï† XBOX Í≤åÏûÑ Ìå®Ïä§Ïùò Îã®Ï†êÎì§ ÏßöÍ≥† ÎÑòÏñ¥Í∞ëÏãúÎã§! ÌäπÌûà Ïù¥Í≤É Íº≠ ÎßêÏîÄÎìúÎ¶¨Í≥† Ïã∂ÏóàÏäµÎãàÎã§,UC0pJQS5Y6f0SJSv9djIp3-Q,Ïù¥Î∞ïÏÇ¨Ïùò Ïó¥Ïã¨Í≤åÏûÑ,2020-09-22T03:47:31Z
CUXu871S5iY,Phil Spencer Reveals Secret for Xbox &amp; Playstation Game Pass Exclusives at Launch,UCyGYHo1qVIeGq3ZLnSDaEcg,colteastwood,2020-12-01T15:00:05Z
S6vDrQXVsZw,–û–ë–ó–û–† XBOX SERIES X –∏ –°–†–ê–í–ù–ï–ù–ò–ï –ì–†–ê–§–ò–ö–ò –° –ü–ö –ó–ê 50–ö!,UC6OvFA26wgPYJ-W6pylNB7A,ARSIK,2020-11-13T16:14:23Z
XOtLfNO18Ws,Ubisoft LA CAGA: DOWNGRADE en PlayStation 5 ü§î Xbox Series X vs PS5! Assasin&#39;s Creed Valhalla.,UC4STOuaIY9iqh7Lzrq_EVYQ,Alex White,2020-11-27T20:38:22Z
SWkc76zT10Q,BEST FREE GAMES On Xbox Series X|S,UCozZmz40Oc6NYD4JtZJgO8A,Xbox On,2020-12-06T20:00:08Z
ZTUk79oTT4I,PS5 –ú–ù–ï –ù–ï –ù–£–ñ–ù–ê | –û—Å—Ç–∞—é—Å—å –Ω–∞ XBOX SERIES X,UCVIVLR54u-ZC5nyU4PPd6Mw,JumboMax,2020-12-03T07:01:15Z
2wPLZXrGpPo,"ON VOUS DIT TOUT SUR NOS CONSOLES PS5 ET XBOX SERIES X : BUG, PERFORMANCE ET JEUX !",UCLzhly43KD3s9fdh7Se5p_g,Guillaume & Kim,2020-11-28T15:00:01Z
Jq5R1yd63QU,"PlayStation 5 vs Xbox Series X: la COMPARATIVA üòØ Juegos, Gr√°ficos, Errores. Cu√°l Vale la pena?",UC4STOuaIY9iqh7Lzrq_EVYQ,Alex White,2020-11-24T16:48:23Z
niIzv9-cV3U,POJEDYNEK TYTAN√ìW - Xbox Series X vs PlayStation 5,UCMR98HM7DeK21qydf885QhA,ZagrajnikTV,2020-12-04T14:00:12Z
KORfrA_GhZ4,„ÄäÁâπË≥£Êé®Ëñ¶„ÄãXbox Game Pass‚û§Âè≤‰∏äÊúÄÂàíÁÆóÁöÑÈÅäÊà≤Ë®ÇÈñ±ÔºåÁèæÂú®‰∏çË≤∑Êú™‰æÜÊº≤ÂÉπÔºÅËêäÊñØË™†ÊëØÊé®Ëñ¶ÔºÅ,UC9WiXJEyHMGRqL-__3FIBEw,LiceËêäÊñØ,2020-03-30T10:55:35Z
DAiLnLXvDGM,Meine ersten Tage mit Xbox Series X - Ersteindruck Konsole &amp; Spiele,UCapw-oonDLMJQsh_zTeX2QA,Spielewelten,2020-11-15T08:17:08Z
FPn2_Ae0tV4,PS5&#39;s DualSense Feature Coming To Xbox! Thank you Sony,UCZFJqMf_h9F3yfjLtrl0frA,Mark's Tech,2020-12-06T20:08:34Z
4HMFiyTNbAI,Ark Power Leveling 1 - 70 in 15 Minuets Xbox One + PS4,UC2zlOSODukD_F5zvM4ZW5IA,SteadyTeddy,2017-05-10T14:00:01Z
vClPN6yW4pk,XBOX SERIES X –ò –ú–û–ï –ü–ï–†–í–û–ï –í–ü–ï–ß–ê–¢–õ–ï–ù–ò–ï,UCVIVLR54u-ZC5nyU4PPd6Mw,JumboMax,2020-11-16T06:32:12Z
ASuOXih6s2U,Xbox One „ÄéÈõ∑ÈõªV„Äè OP,UCfDi-17yQh4xdZmxjK-uHMA,ChannelMOSS,2016-02-15T02:25:11Z
b4F9dm560ok,24h con XBOX SERIES X: Mis IMPRESIONES INICIALES. ¬øHace ruido? ¬øSe calienta? Y m√°s.,UCQrWS87-KWTTEpEl7sp_KjA,Caith_Sith,2020-11-10T22:26:30Z
33zTHjLr4I4,Xbox Series X - Why Games Are Having Performance Problems,UC4JbHDcSCpK3TTcdvQYa-OA,RedGamingTech,2020-11-21T19:12:59Z
6wogDKQiFCI,"Xbox Series X Can Play Dreamcast, Sega Saturn, Naomi &amp; Atomiswave Games!",UC_0CVCfC_3iuHqmyClu59Uw,ETA PRIME,2020-12-07T03:45:00Z
uYeaHASgQZ8,ŒïŒùŒë XBOX Œ£ŒôŒìŒüŒ•Œ°Œë ŒîŒïŒù ŒïŒôŒùŒëŒô ŒëŒ°ŒöŒïŒ§Œü!,UCdq94vemMbMPOUqj7qQAZMg,KarpouziFetaGaming,2020-11-20T13:31:33Z
iY9AvAjCus8,"–ß–¢–û –í–´–ì–û–î–ù–ï–ô - XBOX SERIES S/X, PLAYSTATION 5 –ò–õ–ò –ü–ö –° RTX –°–†–ê–í–ù–ï–ù–ò–ï –¶–ï–ù, –•–ê–†-–ö –∏ –≠–ö–°–ö–õ–Æ–ó–ò–í–û–í.",UCjQb9npdMq_u1rRBgoQ24fg,Zaddrot,2020-10-01T07:00:11Z
yAQnmITbbJg,–°—Ç–æ–∏—Ç –ª–∏ –ø–æ–∫—É–ø–∞—Ç—å Xbox Series X –°–ï–ô–ß–ê–°???,UCHXx0Huxc1jMZL9y5IvCP8A,Evil Studios,2020-11-23T05:31:07Z
N5J2G45lvJ4,Perch√© Xbox Series X √® MIGLIORE di PS5,UCohqjDGw0sKlUha-eV1J0hQ,AndroidWorld x SmartWorld,2020-11-17T15:00:07Z
oOUTnCU5U0U,11 Hidden Features The Xbox Series X | S Doesn&#39;t Tell You,UCXa_bzvv7Oo1glaW9FldDhQ,GamingBolt,2020-11-11T13:30:03Z
DjGSlE8LdOQ,Die besten Xbox-Series-X-Spiele | Top 10,UC1ERi1EP-xyCB8pruCepYBQ,Gameswelt,2020-09-19T08:00:04Z
kDqMhAgmkU4,–ü—Ä–æ–≤–∞–ª —Å—Ç–∞—Ä—Ç–∞ –ø—Ä–æ–¥–∞–∂ Playstation 5. –ü–æ–ª–Ω–∞—è –ø–æ–±–µ–¥–∞ Xbox series s &amp; x. PS5 vs Xbox,UCw-37SPkb2az4_m6Jrf2RUQ,–ê–ª–µ–∫—Å–µ–π –ö—É–ª–∏—á,2020-11-20T14:48:39Z
EziUiWkW_HM,Call of Duty Warzone: PS5 vs Xbox Series X/ Series S - Back-Compat Showdown + 120fps Analysis,UC9PBzalIcEQCsiIkq36PyUA,Digital Foundry,2020-12-07T16:46:33Z
G4Du6ad0eVY,ÊÉ≥‰π∞Êñ∞‰∏ªÊú∫ÂøÖÁúãÔºÅPS5ÂíåXbox Series XÂèåÂπ≥Âè∞‰∏ÄÁØáÂÖ®ÊêûÂÆö,UCAQmUESq4GxO1b_iBCrYlTA,Dio Chan,2020-11-25T23:17:15Z
mEnWvmfZaUA,Halo MCC is Finally NEXT GEN (Xbox Series X),UCrwTB3GQVTSsXnReL_-AEig,UberNick,2020-12-02T19:32:46Z
oLFOHc72poE,BEST XBOX ONE ELITE CONTROLLER SETTINGS FOR FORTNITE - BUILD FASTER AND WIN MORE GAMES,UCB_N6QCmGHEnzabAGEO78iA,HeyItsProdigy,2018-11-15T02:59:20Z
M9LcX3T2-aQ,Xbox Series X uma semana depois do lan√ßamento. O que achei do console?,UCA7bPwBQFCzVlTavNy5U3_g,R4NIERI,2020-11-17T20:14:27Z
bmd3kQkzoVQ,Co wybraƒá? - PS5 VS Xbox Series X,UCbBtqOHYVBFe4VbAHTtwEqg,Pan KuBaka,2020-11-18T15:00:13Z
fcm1eq49n9w,[Xbox Series X] &#39;Î†àÎç∞Î¶¨2&#39;Î•º 20Ï¥àÎßåÏóê Íµ¨ÎèôÌïúÎã§Í≥†!? ÌÄµ Î¶¨Ï¶ò Í∑∏Î¶¨Í≥† ÌïòÏúÑÌò∏Ìôò (2/3),UCpgfZSDjJLKuXVvobvpxx8g,ÎîîÏä§Ïù¥Ï¶àÍ≤åÏûÑ,2020-10-23T09:13:15Z
z-urPRxk8LI,–ì–µ–π–º–ø–∞–¥ Xbox Series –• –≤ —Ä–∞–∑—ã –ª—É—á—à–µ? | –î–µ—Ç–∞–ª—å–Ω—ã–π –æ–±–∑–æ—Ä,UCVIVLR54u-ZC5nyU4PPd6Mw,JumboMax,2020-11-17T06:59:10Z
bEjqJHbw2ZI,–ú–û–ô XBOX SERIES X - –í–û–°–¢–û–†–ì –ò –†–ê–ó–û–ß–ê–†–û–í–ê–ù–ò–ï . –û–ë–ó–û–†,UCCAVuOGROARCC8X-EAbwPrw,SLAVA REVIEWS,2020-12-01T11:16:24Z
bAoGSbgghI8,I Bought a REFURBISHED Xbox 360 S from GameStop... and THIS is what Happened! (not good),UCf-z09Umbl8I21CwMpTLoyQ,Jacob R,2020-12-04T21:11:48Z
EIjOJrfU77k,XBOX passe √† la VITESSE SUP√âRIEURE ! üí• Un AVANTAGE face √† PlayStation ?,UCDGmZYT5QfvfEXgzaEAYNpg,Jeux Vid√©o Magazine,2020-11-30T18:31:28Z
bjrQMOrwv9U,–í—Å—ë —á—Ç–æ –≤—ã —Ö–æ—Ç–µ–ª–∏ –∑–Ω–∞—Ç—å –ø—Ä–æ Xbox Series S: —Å–∞–º—ã–π –ø–æ–ª–Ω—ã–π –æ–±–∑–æ—Ä,UCVaY1tD0M_kLbetqbUmSHOA,Denis Major,2020-12-04T09:47:26Z
-NKB2ZQKUaI,Xbox Series X - O que eu N√ÉO Gostei?,UCWIjwxPGrQmZYXABOa8_chQ,Detonando Gueek,2020-11-09T22:34:47Z
ydlYO2ZB6BE,–ö—É–ø–∏–ª Xbox Series X! –ü–æ—á–µ–º—É –Ω–µ Playstation 5? –û–±–∑–æ—Ä –Ω–æ–≤–æ–≥–æ –∏–∫—Å–±–æ–∫—Å–∞,UCplGD_vOdX5V31uU_APEepg,kazakov,2020-11-29T07:00:08Z
CVGxBS0HgUI,Xbox Series X | Inny Next Gen | OPINIA,UCFGud6qsbaAjuP6WaXAJj3Q,nieantyfan,2020-11-18T19:46:36Z
RlwWo0mqRWU,Microsoft Xbox Start Up (2001-2017),UClErDyCY4tyqeCzgCed9z_Q,Dusty Derby,2017-09-22T05:34:55Z
MLbL6_UQplQ,–¢–ï–°–¢–´ –í–†–£–¢ ? PS5 –ò–õ–ò XBOX SERIES X ? –ö–¢–û –ö–û–ì–û –í –§–ê–õ–¨–®–ò–í–´–• –¢–ï–°–¢–ê–• ?,UChKgt63y6s0KgVnVZ3NXlFQ,Universal Boy,2020-11-17T10:00:04Z
ttZIxgswQAE,Xbox RESPONDS To Ps5 Power ADVANTAGE Over Xbox Series X | NEW Xbox Upgrades Coming | Xbox &amp; Ps5 News,UCY4bpLxPH7P8YGZ2vC_eTmQ,Zalker 87,2020-11-30T20:00:09Z
hnaF6dWWmf4,Resolvido o problema do FIFA 18 para Xbox one! agora o FIFA 18 abre! ele agora inicia!,UCfGToFdLEEreSQuzXRN_j6w,Roberto Beto69,2018-06-06T12:24:53Z
26LZsXIGInA,Xbox Phil Spencer SPEAKS OUT On Xbox Series X Exclusives | NEW Xbox Games NOT On The PS5 | Xbox News,UCY4bpLxPH7P8YGZ2vC_eTmQ,Zalker 87,2020-11-25T20:00:01Z
aVAI8uuWuAo,Top 25 Upcoming Xbox Series X|S Games for 2021 and Beyond,UCcGL_0yoZTskvlgAixaEjEg,whatoplay,2020-11-30T13:06:53Z
g-pygDqwOGI,NEW Xbox Series X GAME &amp; STUDIO | Exclusive Xbox Games NOT On PlayStation 5 | Xbox &amp; Ps5 News,UCY4bpLxPH7P8YGZ2vC_eTmQ,Zalker 87,2020-11-20T20:00:08Z
rDCndx5W6PQ,O PIRATA FOREVER PLAYER EM SEA OF THIEVES - Live Xbox + C√ìDIGOS!,UCi9Uzh14BHqkN7UO_2lbrMw,XboxBR,2020-11-30T22:21:00Z
bmtGIbHjADw,„ÄêXBOX SX„ÄëÊ¨°‰∏ñ‰ª£Ê©üXBOX  Series X„Å®Á¥Ñ15‰∏áÂÜÜ„ÅÆ„Ç≤„Éº„Éü„É≥„Ç∞PC„ÇíÊØîËºÉ„Åó„Å¶„Åø„Åü,UCOYKn427Iq4TPYotbo0eBVw,GO RIKI,2020-11-11T15:31:01Z
Q1EfXA-4W6I,≈öWIETNA konsola choƒá do idea≈Çu DALEKO | Xbox Series X,UCNND-lrRa1jAdryxYHwx8xg,Mestre,2020-11-13T17:37:46Z
mj9MPuywjmo,[Xbox Series X|S] How To Install Retroarch!,UCIAbuzOWxEgpCjcwo1-E3HQ,Archades Games,2020-12-01T02:30:03Z
BCyz4rCHoT8,"NEW PSP COMING ü•∫, XBOX Big Secret Reveal - Black Ops BAD NEWS &amp; Cyberpunk Map is Huge (PS5 &amp; Xbox)",UCgiZs0J_0KaxmdccCUJuYdg,SKizzleAXE,2020-12-06T03:00:13Z
6ZWj0WbxCXA,KUPI≈ÅEM PLAYSTATION 5 i XBOX SERIES X! | PO CO MI DWIE KONSOLE?,UCvb_3WrGri7dqKP2j-EvcDA,Mateusz Krawczyk,2020-11-21T09:00:01Z
IIrf83fvcyE,Desmontando Xbox Series X DESCUBREN QUE USA PIEZAS de Xbox ONE  en su interior ¬øES ESTO ALGO NORMAL?,UCxCg-nM4YEw-DMGGmDFlSHg,el profesor gamer,2020-12-01T18:45:11Z
tICZnS_mp9E,Que pasa si pones estos juegos en Xbox Series X,UClh9mrZULUGRQf-2oqPnPaw,TheWizWiki,2020-11-26T14:03:09Z
9UIN72jP0CE,PS5 vs Xbox Series X‚Äî‰ºçÂÆ∂Ë¨ôÂØ¶Ë©¶Êñ∞‰∏ªÊ©ü PS5ÊâãÊé£ÊúâÈ©öÂñú Xbox SXÂÖâËøΩÊïàÊûúÂá∫Ëâ≤ #GadgetGuy ‚ÄîÊûúÁ±Ω È¶ôÊ∏Ø Apple Daily‚îÄÂéüÂàäÊó•ÊúüÔºö20201111,UCCzKM7UMxGCPAgUDXmFw5Gg,ÊûúÁ±Ω,2020-11-13T08:30:10Z
t93jNM3bjMs,Sony –¥–µ–ª–∞–µ—Ç –†–ê–ó–ù–´–ï PS5 // –ë—É–¥—É—â–∞—è –ü–û–ë–ï–î–ê Xbox Series X | S // —Å–ª—É—Ö –æ GTA 6 –∏ Silent Hills - –Ω–æ–≤–æ—Å—Ç–∏,UCcn66mQfhF2GZlBkVgNZbTg,Hemula,2020-11-28T10:42:46Z
IEMRmGrIuI8,–ü–û–ß–ï–ú–£ XBOX SERIES X –õ–£–ß–®–ï PS5 –ê–ô–¢–ò–ü–ï–î–ò–Ø –û–ü–û–ó–û–†–ò–õ–°–Ø?,UCQ01inzZxel-O1qeOmK_PNw,–†–û–Ø–õ–¨,2020-09-25T05:00:01Z
q6gz1Sa3--g,–ù–µ—É–∂–µ–ª–∏ PS5 –ø–æ–±–µ–¥–∏–ª–∞ // Xbox Series X —Å–æ–±–∏—Ä–∞–µ—Ç –±–∞–≥–∏ // Cyberpunk 2077 —É–∂–µ –≤—ã—à–µ–ª // –ñ–∞–¥–Ω–æ—Å—Ç—å Sony...,UCcn66mQfhF2GZlBkVgNZbTg,Hemula,2020-11-24T14:07:04Z
J78ATanyAAY,Evento de Lanzamiento Xbox,UC8AIS0LqveN3AOtYzxD8Uxw,Xbox Colombia,2020-11-10T02:09:31Z
0BBNw6Y2zsk,ÊúÄÂº∑„ÅÆ„Ç≤„Éº„É†„Çµ„Éñ„Çπ„ÇØÔºÅXbox„Ç≤„Éº„É†„Éë„Çπ„ÅßÊ∞ó„Å´„Å™„Çã„Ç≤„Éº„É†ÂÖ®ÈÉ®„Ç§„É≥„Çπ„Éà„Éº„É´„Åó„Å¶„Åø„Åü„Äê„Ç≤„Éº„É†„ÅåÈÅä„Å≥ÊîæÈ°å„Äë,UCh_fW8LxPsfr9UooM37tRSA,„Åë„ÅÑ„Åò„ÉÅ„É£„É≥„Éç„É´,2020-12-01T08:00:00Z
IjTbUa1-DnI,los PROBLEMAS de Xbox Series X üòÖ una DECEPCI√ìN o no? Errores y Fallos en Juegos,UC4STOuaIY9iqh7Lzrq_EVYQ,Alex White,2020-12-01T16:26:06Z
q8PRgan0TIY,PS5 gegen XBOX SERIES X|S ‚Äì Alles nur Fanboy-Bulls*it,UCwyi4mA4zCuXDhVwLxwtylA,GamingClerks,2020-11-30T17:33:26Z
QPJa4F1GZH8,XBOX CUP QUALIFYING WITH 52 POINTS,UCBARNwDTugXF69KM1MX7Vjg,Jayloxz,2019-07-20T10:14:12Z
CZYSMKEfrjg,DESTRUINDO O XBOX SERIES X! QUANTO ELE AGUENTA?,UCNKRJBAHTjnK3y0ThOg1uNw,Sid√£o do Game,2020-11-28T15:15:00Z
zceF-vRF1dA,Is de PS5 populairder dan de Xbox Series X of niet?,UCi3dioNFXIscFhaR2AyTi2Q,Morrog,2020-11-30T13:09:31Z
_FjUYOmEwKQ,God of War no XBOX SERIES S,UCUTMBmYeeK1S-wZ6Jo9WbWg,Cortes do Davy Jones [OFICIAL],2020-12-02T21:00:10Z
riXwubUwcH4,¬øEMULADORES EN LA NUEVA XBOX SERIES S? [Ps2-Gamecube-Retroarch],UCy6pDeDwRFi1kmFekSpMDUA,La Poci√≥n Roja,2020-12-04T16:00:32Z
a-qOlYANero,Neden Xbox?ü§î Oƒüuz Sasi,UC8hJHaPDL-6pKmVNbczjOnA,YouTubesasi,2020-09-19T10:00:00Z
3I_Z7iO-waI,INSTANT 99 OVERALL GLITCH FOR NBA 2K17: XBOX ONE NO MORE MY CAREER GRIND DOIN WORK,UC4JIoVmdrzonYMkl9o077nA,Newark Tha GOD,2016-09-19T19:24:48Z
h0lb1IVrp_E,"Xbox Game Pass Cierra el a√±o 2020 a lo GRANDE.Te podr√° Gustar o NO, pero CRITICARLO es ALGO EST√öPIDO",UCxCg-nM4YEw-DMGGmDFlSHg,el profesor gamer,2020-12-02T14:00:12Z
pyGxPrTkhsc,Xbox Series X | Unboxing en espa√±ol,UCxz7sBKlpcpyCiPwXupRymw,Isa Marcial,2020-11-27T19:30:02Z
SeGlbtmPwCs,"Melyik XBOX-ot vegyem? Xbox One S, Xbox One X, Xbox Series S vagy Xbox Series X?",UCzZgo3-uENGZeryDByykfZQ,PlayIT Store,2020-11-15T15:20:48Z
2hZAL2R1P98,Mending mana? Playstation atau Xbox,UCjktb1o0CljfmKbSIeX-nnQ,dmaulana tech,2017-12-15T22:03:45Z
T10Ie-94PS8,Xbox Series X UPDATE | PS5 Performance | Phil Spencer&#39;s Xbox Promise -  The Xbox Two #154,UC1Ze81XDuhJOGbaNq-CZXUA,Rand al Thor 19,2020-12-05T00:15:37Z
6cmjiw0p2wk,"Xbox Series X vs Xbox Series SÂØ¶Ê©üÊØîËºÉ Áõ∏Â∑Æ$1,600Ëöä 4KÁï´Ë≥™ÊúâÂàÜÂà•   #GadgetGuyÔºçÊûúÁ±Ω È¶ôÊ∏Ø Apple Daily‚ÄîÂéüÂàäÊó•ÊúüÔºö1106",UCCzKM7UMxGCPAgUDXmFw5Gg,ÊûúÁ±Ω,2020-11-07T05:00:13Z
EKoF5mS-L3k,Xbox Series X: Nov√° √©ra hern√≠ho z√°≈æitku? (Recenze),UCiYYrqaZBdyiJVM-TrFmNKw,GeekBoy,2020-11-23T11:34:51Z
Yy2t3TP_3Ic,"+100 HORAS con XBOX SERIES X | S üíö Potencia, Juegos, SSD...  Mi OPINI√ìN SINCERA y AN√ÅLISIS de XBOX",UCNPWARorKUDbKJNzPXX9Org,Josanguz,2020-11-15T19:37:42Z
imaI5pJjB4o,MICROSOFT CONFIRMA que TEREMOS JOGOS INCR√çVEIS no XBOX GAME PASS em DEZEMBRO!,UC5-lJbOj_q-sdF5-dvOccLg,S√ì XBOX,2020-11-30T15:00:46Z
MM0IDIkfcLo,ILS ACH√àTENT DES XBOX SERIES X EN MASSE ET VOIENT LEUR COMMANDE ANNUL√âE !,UCBebjCwRBWW15DogPrgXzig,Lusty,2020-12-04T17:42:33Z
74cPF6KcIB8,„ÄêJing„ÄëXbox Series X ÈñãÁÆ± ! ‰ªäÂπ¥ÊúÄÂê∏ÂºïÊàëÁöÑÊ¨°‰∏ñ‰ª£ÈÅäÊà≤‰∏ªÊ©ü,UCA8RylKj3lLOH7tTPkJg4OQ,Jing,2020-11-24T11:19:40Z
oOQiVHEn5G4,INSANO! REVELADOS 17 JOGOS para o XBOX GAME PASS em DEZEMBRO! TEM JOG√ÉO CHEGANDO!,UC5-lJbOj_q-sdF5-dvOccLg,S√ì XBOX,2020-12-01T21:00:50Z
jGf1e09odaY,Xbox Series S-–û–±–∑–æ—Ä –∏ –≤—ã–≤–æ–¥—ã —Å–ø—É—Å—Ç—è –Ω–µ–¥–µ–ª—é –∏—Å–ø–æ–ª—å–∑–æ–≤–∞–Ω–∏—è!–ö–æ–º—É –æ–Ω –Ω—É–∂–µ–Ω?–ñ–∞–ª–µ—é –ª–∏ —è –æ –ø–æ–∫—É–ø–∫–µ?,UCK0xRgfcXvoXnswbJ7UFGSQ,KasteR,2020-11-17T10:05:59Z
TQsA2-xMk4E,–ü–æ–ª–Ω—ã–π –æ–±–∑–æ—Ä Xbox Series S ‚Äî –ù–µ–∫—Å—Ç–≥–µ–Ω –∑–∞ $300 –∏ 100 –∏–≥—Ä –Ω–∞ —Å—Ç–∞—Ä—Ç–µ üî•,UC9sw9ejqN7OfOOWaOAeSFkw,RenBay Reviews,2020-11-22T01:30:03Z
66-vJnwj7rI,"üî¥CUSTOM MATCHMAKING SOLO/DUO/SQUAD SCRIMS | FORTNITE LIVE | (PS4,XBOX,PC,MOBILE,SWITCH,)",UCNSjVDh3239rTu8Jn1dZRPQ,Perk Jai,2020-12-03T13:32:35Z
S0v0SbOHJMo,&quot;PS5 vs  Xbox Series X&quot;,UCIhOdrhaUfhkNaqLZUttupg,Harvey Seasalt,2020-12-04T04:23:58Z
faD3LeR8twU,–ë–ï–ì–û–ú –∑–∞ XBOX 360!,UC6PuUXeLWjtXP6taLnRe6Tw,FubPit,2020-12-02T10:13:11Z
Ds7alBSL8I4,„ÄêÂ§ßÊØîÊãº„Äë PS5 vs Xbox Series X ÂÖ®Èù¢Â∞çÊ±∫ ÊµÅÊö¢Â∫¶ / Áï´Ë≥™ / È´îÁ©çÊØîËºÉ Ôºã È¶ñÁôºÂ§ß‰Ωú,UCNAqBC6Z1HkymQ7gkG0pCOg,UNWIRE.HK,2020-11-19T13:00:03Z
TOJfFcIQ9Es,Get any Resource Pack on Minecraft Bedrock (Xbox) (PewDiePack),UCtIgmGzNVaHuluHS-Wwim2Q,JaxonKEKW,2019-07-18T20:19:19Z
Y3wQxh4sQxc,XBOX ONE Î∞∞ÌãÄ Í∑∏ÎùºÏö¥Îìú - Ìå®ÎìúÏ°∞ÏûëÎ≤ï&amp; ÏïÑÏãúÏïÑ ÏÜîÎ°úÌîåÎ†àÏù¥,UCG5Bffm1Oa8mzUt7nM3hwCA,So Jangsu,2017-12-16T02:01:40Z
YM59KURQHq8,Xbox Series X vagy Series S: melyiket v√°lasszam? üéÆ GameStar,UC1TATumw319yec1_yyTIaTg,GameStar Hungary,2020-09-14T12:45:01Z
QkzT5EwEAG4,–ü–æ—á–µ–º—É PS5 –º–æ—â–Ω–µ–∏ÃÜ Xbox Series X? | Xbox Series X vs Playstation 5,UCqUSSZhIWecYucbS8HkpMqQ,Pulyaev,2020-11-17T07:00:02Z
BalKQ12atHI,"–ì–ª–∞–≤–Ω–∞—è —Ñ–∏—à–∫–∞ PS5, –∫–æ—Ç–æ—Ä–∞—è –£–ù–ò–ß–¢–û–ñ–ò–õ–ê Xbox Series X‚Ä¶ –ü–æ—á–µ–º—É –≤—Å–µ –º–æ–ª—á–∞—Ç?",UCXD_ZzazPrbsHFBDEtrKM2Q,–Ø–±–ª–æ—á–Ω—ã–π –ú–∞–Ω—å—è–∫,2020-11-22T18:24:03Z
sZPoZpOzRxY,Xbox One X eject button and noise ( the sound it makes with no disk in it),UC1fTdNx6M8V-RmeZLutZBeA,keepitwarm,2018-01-04T20:04:47Z
yn01_B_SWxQ,XBOX ALL ACCESS T√úRKƒ∞YE&#39;YE GELƒ∞YOR!!! -Taksitli Xbox Almak-,UCl1V13W-SX3d4Y2UoJwaMSg,VorisPie,2020-11-14T12:00:11Z
bPZjmSHUWe8,PS5 I Xbox Series : 10 jeux aÃÄ SURVEILLER dont personne ne parle ! üëÄ,UCDGmZYT5QfvfEXgzaEAYNpg,Jeux Vid√©o Magazine,2020-12-06T16:30:51Z
U-NM9YdWG-I,INCREIBLES DIFERENCIAS üò± entre estos dos MANDOS!!&quot; üî• XBOX SERIES X Controller Shock Blue unboxing,UCaaoXEItXBzJJtjvSfXx_CA,BigData News,2020-12-06T21:39:55Z
7MjimMUG_Yw,XBOX PLAYER IS BETTER AT STRUCID!!!!!!!,UC1DpUjuaRly6SWCcWaYd7eg,Denis Korol,2019-02-09T21:48:06Z
M1fjUMH3ogQ,Xbox Series X - co my≈õlimy o konsoli po kilku dniach? [PIERWSZE WRA≈ªENIA],UC90BoNcD4sBLNr6isweUExQ,Komputer ≈öwiat,2020-11-10T08:08:37Z
tf5B7idvbVo,–ß–µ—Å—Ç–Ω—ã–∏ÃÜ –æ–±–∑–æ—Ä Xbox Series X | –ß—É–¥–∞ –Ω–µ —Å–ª—É—á–∏–ª–æ—Å—å,UCqUSSZhIWecYucbS8HkpMqQ,Pulyaev,2020-11-21T17:36:19Z
GRbl8zknncM,Xbox Series X - Official Lucid Odyssey Trailer by Taika Waititi,UCKy1dAqELo0zrOtPkf0eTMw,IGN,2020-12-07T14:34:31Z
r5IRJzfuHE4,"–ö–∞–∫ —ç–∫–æ–Ω–æ–º–∏—Ç—å –¥–ª—è –Ω–æ–≤–∏—á–∫–æ–≤ | Xbox Series X, Xbox Series S –∏ Xbox One",UCqUSSZhIWecYucbS8HkpMqQ,Pulyaev,2020-11-12T16:08:23Z
D37ScYeCrFg,–ö–¢–û –†–ï–ê–õ–¨–ù–û –ü–û–ö–£–ü–ê–ï–¢ XBOX series X –í –†–û–°–°–ò–ò / Watch Dogs: Legion —Å–≤–µ—Ä–Ω—É–ª–∞ –Ω–µ —Ç—É–¥–∞,UC_gUhwn2eKsObSD432vHYLg,NOVOE OLDOVOE,2020-11-05T07:00:05Z
mKokW-D0TpM,Xbox Series X NO es la mayor DECEPCI√ìN de 2020 üòÖ Forbes lo dice y se queda tranquilo. Fallos.,UC4STOuaIY9iqh7Lzrq_EVYQ,Alex White,2020-12-05T17:49:17Z
v1wYxc26RVY,Sony TALKS PlayStation 5 &amp; Xbox Series X POWER | True Next Generation Games | Xbox &amp; Ps5 News,UCY4bpLxPH7P8YGZ2vC_eTmQ,Zalker 87,2020-11-23T20:00:12Z
8FCZ0bII-Js,XBOX SERIES X - –ü–ê–õ–¨? –ü–ï–†–í–´–ï –ö–û–ù–°–û–õ–ò –ì–û–†–Ø–¢: –ü–†–û–ë–õ–ï–ú–´ –ù–ê –°–¢–ê–†–¢–ï –ü–û–ö–û–õ–ï–ù–ò–Ø,UCjQb9npdMq_u1rRBgoQ24fg,Zaddrot,2020-11-11T13:40:26Z
nvnKPHJKO5M,"X-FEST Dzie≈Ñ 4 | Murcix i Fusialka, GryOnline, Nerd‚Äôs Kitchen, Ori, Koncert Zaha | Xbox Series X|S",UCe9CD58cPQSbahnU_KoD00Q,Xbox Polska,2020-11-13T19:46:43Z
lgO6NgUWofw,When your game crashes *PUBG XBOX ONE*,UChrDO-kQTClZGM2i5Dgr3aA,Kzma,2017-12-15T18:34:58Z
03la3SnXAb8,GTA 5 ONLINE - Live on XBOX ONE S,UCY2Gr8l58Rq-kcLusQP7NtA,MEGAZAY,2017-04-03T01:34:55Z
2-sAqf5RKqw,"–ü–†–û–©–ê–ô XBOX ? PS5 –ü–µ—Ä–≤–æ–µ –≤–ø–µ—á–∞—Ç–ª–µ–Ω–∏–µ, —à—É–º , –±—Ä–∞–∫ –∏ –±–∞–≥–∏, –î—É–∞–ª—Å–µ–Ω—Å, —Å—Ä–∞–≤–Ω–µ–Ω–∏—è –∏ —Ç–µ—Å—Ç—ã vs xbox series",UChKgt63y6s0KgVnVZ3NXlFQ,Universal Boy,2020-11-24T08:00:01Z
mLYfMEbMC4U,OLOCO! MICROSOFT SURPREENDE depois da POL√äMICA sobre os JOGOS para XBOX SERIES X e S!,UCQw-za7p1s2LV_cHNpFLXVQ,Mais XBOX,2020-11-27T15:16:15Z
CJxih1KSMUg,Xbox Series X|S ÈñãÊ©üÊè≠ÂØÜ 11 ÂïèÔºÅÁ°¨È´î‰ªãÈù¢ÊòØÂê¶ËÉΩÂ§†Ë∂ÖË∂äÂ∞çÊâãÂë¢ÔºÅÔºü,UC4c-wTOqEID-_vH4MhNs06w,Â∑¥ÂìàÂßÜÁâπÈõªÁé©Áòã,2020-11-06T12:07:10Z
J6n1TSQw73c,Phil Spencer CALLS OUT Toxic Console War Fans | Xbox Series X VS PlayStation 5 | Xbox &amp; Ps5 News,UCY4bpLxPH7P8YGZ2vC_eTmQ,Zalker 87,2020-12-02T20:00:02Z
fX6mCi4J3MM,XBOX Series X es LA mayor DECEPCI√ìN del A√ëO seg√∫n forbes üòÖ ¬øREALIDAD o EXAGERACI√ìN?,UCaRUcGeHIcz2rz6emJvUhIA,Behind the Games,2020-12-03T14:53:09Z
JaX35TbtLeY,"Black Ops Fans MAD, PS5 EXCLUSIVEü§ê - Xbox Failed Him &amp; Cyberpunk Download (PS5 &amp; Xbox)",UCgiZs0J_0KaxmdccCUJuYdg,SKizzleAXE,2020-12-07T02:00:10Z
Q79XAUrFD1o,Emulador RetroArch no Xbox Series X | S,UCA7bPwBQFCzVlTavNy5U3_g,R4NIERI,2020-12-01T20:00:04Z
4K24Go2pGS0,XBOX cambia de idea y SORPRENDE a los fans de PLAYSTATION,UC5dZAWKKI7k3zMYGAXMi48A,Zoomin Games Espanol,2020-11-23T16:15:54Z
y0H9g64N6q0,PS5 RESTOCK XBOX RESTOCK (METHOD TO GET PS5 &amp; XBOX BEFORE CHRISTMAS!!!),UCYm-oWXlYiSaoe1KjOyAZvw,GUBS Gaming,2020-12-07T02:30:00Z
r-MSfhYhNuo,Xbox Series X VS Ps5 HUGE Sale Charts | Did PlayStation 5 OUT SELL Xbox? | Xbox &amp; Ps5 News,UCY4bpLxPH7P8YGZ2vC_eTmQ,Zalker 87,2020-12-04T20:00:11Z
JkYGf-4i6aY,–¢–û–ü 10 –∏–≥—Ä –≤ Game Pass // –í–æ —á—Ç–æ –ø–æ–∏–≥—Ä–∞—Ç—å –Ω–∞ Xbox Series X | S,UCcn66mQfhF2GZlBkVgNZbTg,Hemula,2020-11-21T10:28:01Z
1K0HorZx0Nc,The Next BIG Xbox Game Boasted by Advanced Technology Group &amp; Developers on Xbox Series X,UCyGYHo1qVIeGq3ZLnSDaEcg,colteastwood,2020-12-07T15:29:30Z
vhA0k0UY4T0,ÌôçÏßÑÌò∏ Í∂åÏù¥Ïä¨ Ïò§ÏÑ±Í∑†Í≥º Ìï®Íªò [XBOX SERIES X | S Î°†Ïπ≠ ÎîîÏßÄÌÑ∏ ÎùºÏù¥Î∏å Ïáº],UCKDkGnyeib7mcU7LdD3x0jQ,OGN,2020-11-10T13:38:58Z
jWHgDjfkUy4,"Xbox Series X Pierwsze wra≈ºenia - szybciej, p≈Çynniej ale czy jest wow? | Robert Nawrowski",UC_3c7OVSqos7zLsa3Ulfq4w,Robert Nawrowski,2020-11-11T13:55:54Z
L8uOufx95cQ,10 DESPEDIDAS e MAIS SURPRESAS para o XBOX GAME PASS chegam ainda em 2020!,UC5-lJbOj_q-sdF5-dvOccLg,S√ì XBOX,2020-12-02T21:01:58Z
WXf1iLnAniw,"XBOX GAME PASS Vale la pena? üî• Que es GAME PASS üî• Precio, Disponibilidad y Juegos",UCaaoXEItXBzJJtjvSfXx_CA,BigData News,2020-11-30T21:50:59Z
Vrg3bndWtWI,[Xbox Series S]·ÑÄ·Ö° ·ÑÇ·Ö•·Ñã·Ö¶·ÑÄ·Ö¶ ·ÑÉ·Ö• ·Ñå·Ö°·ÜØ ·ÑÜ·Ö°·ÜΩ·Ñã·Ö≥·ÜØ·Ñå·Öµ·ÑÉ·Ö© ·ÑÜ·Ö©·ÜØ·ÑÖ·Ö° - ÏóëÏä§Î∞ïÏä§ ÏãúÎ¶¨Ï¶à ÏóêÏä§ Ïñ∏Î∞ïÏã± &amp; Î¶¨Î∑∞,UCm0ZLfuXuylGPkSKkWz5Tlw,Ï∞®Ïπ¥Í∞ú,2020-11-24T23:10:30Z
HFDZxu5m7II,–ü–æ—á–µ–º—É —è –≤—ã–±–∏—Ä–∞—é Xbox Series X,UCXtVeJJdMECrKCwZejj4lgg,Grafonsky,2020-11-08T02:48:17Z
70LBx2vPqNM,XBOX GAME PASS es PERFECTO (aunque a MUCHOS les PESE) üëâ CIERRA 2020 con AVLANCHA de JUEGOS,UCaRUcGeHIcz2rz6emJvUhIA,Behind the Games,2020-12-02T16:54:18Z
l11QScfGmio,PRESENT√ÉO! MICROSOFT PREPARA PRESENTE de NATAL no XBOX GAME PASS neste FINAL DE ANO!,UCQw-za7p1s2LV_cHNpFLXVQ,Mais XBOX,2020-12-05T14:05:57Z
Fal_p_c_frI,"–ì–µ–π–º–ø–∞–¥—ã Xbox Series X –ø—Ä–æ—Ç–∏–≤ Xbox One X / –û—â—É—â–µ–Ω–∏—è, —ç–º–æ—Ü–∏–∏",UCRoHpKIv_FJ0lsphJQFiuVQ,–ó–í–ï–†–¨–ï,2020-11-12T16:42:40Z
3yGJs8baJV8,(OLD) FM7 | Logitech G920 setting | Xbox One,UC5sH13lexzcdeMI0TcC6s6A,Ialyrn,2017-09-30T00:27:35Z
aoefZOW3Qt0,Unboxing Xbox Series X. Sprawdzamy m.in kabel HDMI - czy jest 4K120FPS?,UCmBgw5n2Ik-XS0k-rZO0gag,hdtvpolskacom,2020-11-02T07:00:00Z
ewXtTLuc5dE,Rebellious Bullet - Unreleased Original Xbox Game,UC9qRLbByoMzfM-MrKryYT6w,DeChief,2019-09-10T12:25:48Z
yTzZ4axBJdg,Download lento no Xbox - Como resolver,UCA7bPwBQFCzVlTavNy5U3_g,R4NIERI,2020-11-29T22:28:17Z
xhbU6HbeYSo,PS5 und Xbox Series X im Ladezeiten-Vergleich,UCip1RVSGWtkukxd0Am1NiRQ,TURN ON,2020-11-30T15:00:30Z
VVMieddBCk0,PS5 czy Xbox Series X? JakƒÖ konsolƒô kupiƒá?,UCaZw8ER1vP4CYjfO0W5i1rA,benchmarkpl,2020-11-28T09:33:27Z
x9xmwlxCFbY,O FIFA DA NOVA GERA√á√ÉO TA INCR√çVEL! FIFA 21 Xbox Series S,UCxRMHgJTuyfuY3rd9YqVusw,JeAraujo,2020-12-03T22:00:21Z
Cy0XKonBSuo,„ÄäÊÉ°È≠îÁçµ‰∫∫5 ÁâπÂà•Áâà„ÄãPS5 VS Xbox Series X Áï´Èù¢/ÂãïÊÖã/ÂÖâËøΩ/ËÆÄÂèñÊØîËºÉ,UC4c-wTOqEID-_vH4MhNs06w,Â∑¥ÂìàÂßÜÁâπÈõªÁé©Áòã,2020-12-05T14:03:44Z
Yr_FDVqawV4,Xbox Series X/S„ÇíË≤∑„Å£„Å¶„Çà„Åã„Å£„ÅüÁêÜÁî±5ÈÅ∏„Äê„Åè„Çç„Çç„Åò„Äë,UCXE9LOfemEKKOg1Bzd_Ipxg,„Åè„Çç„Çç„Åò„Å°„ÇÉ„Çì„Å≠„Çã,2020-11-14T16:22:08Z
tVZNl-3RriQ,¬øQUE Versi√≥n de Minecraft es Mejor para Xbox One? ¬øCual Comprar? | iDaiker,UCS3kCi4ZX2mohPObjd9PDpQ,iDaiker,2018-08-05T00:32:13Z
AHsElRowKZM,Testei o xCloud no Brasil - Jogos de Xbox na nuvem - Como participar e primeiras impress√µes.,UCA7bPwBQFCzVlTavNy5U3_g,R4NIERI,2020-11-24T19:00:01Z
laAYpr4arWg,Ïó¨Îü¨Î∂ÑÏù¥ XSXÏùÑ Íº≠ ÏÇ¨ÏïºÎêòÎäî Ïù¥Ïú†,UC6haqlR_OBveu10B-7_AR2w,ÌîåÎ†àÏù¥ÌÉÄÏûÑ,2020-11-09T09:56:57Z
VeMfGpcD0xs,Unboxing the Cyberpunk 2077 Limited Edition Xbox One X Console,UCZcLBtQDJoojJMhUYls9m5w,Olda Robot,2020-06-05T19:23:05Z
hygDmogbjc4,"Microsoft COMMITS To Quality On Xbox Series X | New Xbox Series X UPGRADE, Cyberpunk 2077 Boosted",UCJxnwvg6KA3tr04K-tBO-bQ,Dealer - Gaming,2020-12-07T16:45:01Z
Gx1BtFG85k0,–ò–ì–†–û–í–û–ô –ü–ö –∏–ª–∏ –ö–û–ù–°–û–õ–¨?? PS5 vs XBOX SERIES X vs PC - –¢–û–ü 7 –û–¢–õ–ò–ß–ò–ô!,UC6OvFA26wgPYJ-W6pylNB7A,ARSIK,2020-12-02T12:00:05Z
SuggA_q21IY,UPDATE ! MCPE 1.6.1.0 OFFICIAL BISA SIGN IN XBOX ! MASUK REALMS DAN SERVER ! - NO CLICKBAIT !,UCVuNw4r-LBE4LTfVcuoUhIQ,FajarBlitz7,2018-09-20T08:44:40Z
0TVec-kNYuk,Game Pass –Ω–∞ Xbox Series X/Series S –∏ Xbox One (–í–æ —á—Ç–æ –ø–æ–∏–≥—Ä–∞—Ç—å?),UCnF3iA1pZEeAFH_YAR6pgKg,Axel Rage,2020-11-14T10:34:22Z
goNBFfHCoT8,Xbox Series S - O Novo ‚ÄúPC Gamer‚Äù - com Teclado e Mouse,UCe_DN7kH6urn-1DGZPLhBlQ,Raquel Gamer,2020-12-01T17:00:11Z
dQldgaMtdNg,Xbox Series X ‚Äì Made From Dreams,UCjBp_7RuDBUYbd1LegWEJ8g,Xbox,2020-12-07T14:00:10Z
y08yvn6WtAQ,XBOX GAME PASS ‚ñ∫ I MIGLIORI GIOCHI DEL CATALOGO,UC45NqhCJKpUzj6vkP6buBYQ,Falconero,2020-11-30T16:00:13Z
fyArCzlmiKM,Xbox Series X ‚Äì Lucid Odyssey by Taika Waititi,UCjBp_7RuDBUYbd1LegWEJ8g,Xbox,2020-12-07T14:00:09Z
tM-Y-q1wHzY,–ì–ª–∞–≤–Ω—ã–µ —ç–∫—Å–∫–ª—é–∑–∏–≤—ã XBOX –≤ 2021| Xbox Series X | S,UCqUSSZhIWecYucbS8HkpMqQ,Pulyaev,2020-11-29T07:00:13Z
Fckak8zhr-M,God Of War e The Last Of Us No XBOX Series X/S! Novos Estoques De PS5 e XBOX! SONY CONTRA Os HACKERS,UCwWQKIcofNvaxGfMjwI7Zww,Bulldogames,2020-12-05T19:00:07Z
E2MYeIDerGg,"GTA 5 MAX MONEY GLITCH LATEST FOR PS4,XBOX ( UNLIMITED MONEY IN MINUTES",UC2Pwzek4sJNntKkokSId3uw,Theninjaprolog,2020-06-04T09:00:31Z
0Z386HUNAa4,XBOX GAME PASS NEWS | GRO√üES DEZEMBER UPDATE | ES GIBT MEHR ALS NUR CYBERPUNK 2077 | XBOX SERIES X,UCmFV4MlB4sYpG3tyR8Ni15g,ZEUSERIX,2020-12-02T11:56:29Z
If1Lz0Axnxc,XBOX SERIE X ‚ñ∫ PROVIAMO I GIOCHI SULLA NUOVA XBOX ‚òÖ EP.3,UC45NqhCJKpUzj6vkP6buBYQ,Falconero,2020-12-04T16:00:12Z
RrODwo8EgSY,Make Big Picture work with Xbox button in Windows 10,UC_caW60r9RSLsgzZ3J3YDnA,RandomPedestrian07,2016-07-25T00:04:22Z
Ffh-heitUYQ,PlayStation 5 Banidos da PSN vs Xbox Game Pass mitando - Atual situa√ß√£o da nova gera√ß√£o,UCp_We4WA0ech0WPsqj46aMg,Xbox N√°ticos,2020-12-04T15:00:04Z
Ny1uQDYy47U,Descargar Minecraft PE 1.13.0.4 con xbox live [Link sin publicidad],UCmC_T7Wa-k27defyQF80SAw,Li „É™„Éº,2019-08-07T21:18:24Z
rhvz0_VPlZg,CALL OF THE SEA: TESTE EM 4K 60FPS NO XBOX SERIES X|S - ACESSO ANTECIPADO!,UC_GqAJpzUzTkXzTIXBYXk1w,Combo Infinito,2020-12-06T21:04:43Z
KCGhjF6_52c,Sony –∫–æ–ø–∏—Ä—É–µ—Ç –ø–æ–ª–∏—Ç–∏–∫—É Microsoft | –≠–∫—Å–∫–ª—é–∑–∏–≤—ã PS5 –∏ Xbox Series –Ω–∞ —Å—Ç–∞—Ä—Ç–µ,UCqUSSZhIWecYucbS8HkpMqQ,Pulyaev,2020-12-06T06:00:07Z
HfnOWar3CpI,Xbox Series X Head Of Engineering Talks Xbox Series X Performance &amp; System Updates,UCbk2FgaqZ2ZHJAdrrclTqtg,MaDz Gaming,2020-12-05T12:42:38Z
XSTI6rC2DDk,An√∫ncio da Microsoft me fez COMPRAR UM XBOX SX!,UCLSRsldr_ML-sEsyYohR_Jw,Drake Sincero,2020-12-01T11:21:25Z
o8eL4kLMtFk,–ö–∞–∫–∞—è –≤–µ—Ä—Å–∏—è GTA San Andreas - –ª—É—á—à–∞—è? –°—Ä–∞–≤–Ω–µ–Ω–∏–µ Xbox Series X / PS2 / Xbox Original / PC/ Android,UCCLrJDcdw2CeJVpTIOSudtg,Azot,2020-12-04T15:13:27Z
zA8n3shPEgA,√ìTIMO ISSO! BAIXE JOGOS MAIS R√ÅPIDO E ATUALIZA√á√ÉO IMPORTANTE vindo PARA XBOX ONE e SERIES X e S!,UC5-lJbOj_q-sdF5-dvOccLg,S√ì XBOX,2020-12-07T15:00:48Z
0cm8YPqasVk,–ü–û–ß–ï–ú–£ XBOX SERIES X –ù–ï –°–ú–û–ì–õ–ê –ü–û–ë–ï–î–ò–¢–¨ PS5 –ù–ê –°–¢–ê–†–¢–ï ? ps5 –∏–ª–∏ xbox series x —Å—Ä–∞–≤–Ω–µ–Ω–∏—è —Ç–µ—Å—Ç—ã –æ—à–∏–±–∫–∏,UChKgt63y6s0KgVnVZ3NXlFQ,Universal Boy,2020-12-03T08:00:00Z
vlH50AZFPKg,LIBEROU GR√ÅTIS PES 2021 LITE e BUG JOGOS GR√ÅTIS PS4 XBOX ONE e PC,UCgzCPfiZcq0YWGMMVqTEn1A,NOVIDADES KZUZAS,2020-12-07T16:00:17Z
EKTRzQ62FZ8,XBOX SERIES X DE VOLTA AO ESTOQUE EM ALGUNS VAREJISTAS! N√ÉO COMPREM NESSE PRE√áO ABSURDO,UCG25HCIwDM-E_uhbbx0YFNA,blograle,2020-12-03T16:20:56Z
