videoId,title,channelId,channelTitle,Date,videoViewCount,likeCount,dislikeCount,commentCount,channelViewCount,subscriberCount,videoCount,stock_price_before,stock_date_before,stock_price_after,stock_date_after
b36aZQe0Nt4,HOW TO SETUP APPLE AIRPODS! Best Wireless Headphones for iPhone!,UC55Jb99LT3IINRY_g5V6rtA,Andru Edwards,2016-12-20,1624711,9146,1206,546,65554267,227000,1187,27.392711639404297,2016-12-19,27.36452674865723,2016-12-23
p5aaOtJ0PyU,Galaxy Buds Live vs Apple AirPods Showdown,UCsTcErHg8oDvUnTzoqsYeNw,Unbox Therapy,2020-08-13,1601052,32848,1309,3153,3919176638,17600000,1874,112.81536865234376,2020-08-12,115.50821685791016,2020-08-19
entaNxaezRo,The $99 Apple AirPods Killers,UCsTcErHg8oDvUnTzoqsYeNw,Unbox Therapy,2020-03-06,1567958,34991,1447,2472,3919176638,17600000,1874,72.1843032836914,2020-03-05,61.17134094238281,2020-03-12
BJ2TxY7puEM,My Apple AirPods Confession,UCsTcErHg8oDvUnTzoqsYeNw,Unbox Therapy,2019-03-13,1510228,46934,2748,4807,3919176638,17600000,1874,44.00568008422852,2019-03-12,45.37272262573242,2019-03-19
cYuL6pHfbTU,Powerbeats Pro sound better than Apple&#39;s AirPods,UCOmcA3f_RrH6b9NmcNa4tdg,CNET,2019-04-03,1552434,18230,737,1951,1291833565,2900000,19967,47.19464111328125,2019-04-02,48.527626037597656,2019-04-09
mdOSPBrqc7E,AirPods Max: Everything we know,UCOmcA3f_RrH6b9NmcNa4tdg,CNET,2020-12-09,135477,2675,170,702,1291833565,2900000,19967,,,,
HTeFoIUlAkA,AirPods Max hands-on: New noise-canceling king,UCOmcA3f_RrH6b9NmcNa4tdg,CNET,2020-12-10,131561,3127,390,772,1291833565,2900000,19967,,,,
Cd4N5v-O3uk,Airpods 2 with Wireless Charging Unboxing &amp; First Look - Truly Magicalüî•üî•üî•,UCOhHO2ICt0ti9KAh-QHvttQ,Technical Guruji,2019-04-11,1536258,38379,2223,2326,2390693892,20300000,3456,48.8000602722168,2019-04-10,49.41061019897461,2019-04-17
I2-M9nvbsio,2000‚Çπ Fake Apple AirPods Pro Unboxing &amp; First Look - 100% Fake But 100% Sameüî•üî•üî•,UCOhHO2ICt0ti9KAh-QHvttQ,Technical Guruji,2019-12-30,1259688,52700,2396,3507,2390693892,20300000,3456,71.24635314941406,2019-12-27,73.12215423583984,2020-01-03
1DSCo47MMbE,Airpods Pro Unboxing &amp; First Look - Airpods Pro Vs Airpods? Noise Cancelling &quot;PRO&quot;üî•üî•üî•,UCOhHO2ICt0ti9KAh-QHvttQ,Technical Guruji,2019-10-30,1166973,45559,2021,3642,2390693892,20300000,3456,59.63299179077149,2019-10-29,63.02532577514648,2019-11-05
6r33bTc265I,"Apple AirPods Max Are Here - ‚Çπ59,900 Apple Headphonesüéßüî•üî•üî•",UCOhHO2ICt0ti9KAh-QHvttQ,Technical Guruji,2020-12-09,744688,68867,3186,7741,2390693892,20300000,3456,,,,
gOK5SQJ1QB0,Beats Powerbeats Pro Unboxing &amp; First Look - Better than Apple Airpods???üî•üî•üî•,UCOhHO2ICt0ti9KAh-QHvttQ,Technical Guruji,2019-10-23,367117,25560,763,2165,2390693892,20300000,3456,58.81677627563477,2019-10-22,59.63299179077149,2019-10-29
V4NWwUuVIrM,–ö–£–ü–ò–õ –ü–û–î–î–ï–õ–¨–ù–´–ï Apple AirPods!,UCWulcHbwtGVFehAMY4wnzQA,F.ua ‚Äî –û –¥–µ–≤–∞–π—Å–∞—Ö –ø–æ–Ω—è—Ç–Ω—ã–º —è–∑—ã–∫–æ–º,2019-01-11,1505799,25088,2966,1889,181304801,654000,1703,37.25151062011719,2019-01-10,37.75045394897461,2019-01-17
ps0rWwQAJHg,Apple AirPods unboxing preview en espa√±ol | 4K UHD,UCYkoAtIMi6oFG_8SO5YrauQ,clipset,2017-01-03,1493033,25056,1306,1478,403557137,2350000,1985,27.20013427734375,2016-12-30,27.944602966308594,2017-01-09
Bn4bgouatjI,Apple AIRPODS 2 unboxing -ADI√ìS AirPower-,UCYkoAtIMi6oFG_8SO5YrauQ,clipset,2019-04-09,646056,12007,451,683,403557137,2350000,1985,48.67356872558594,2019-04-08,48.46194839477539,2019-04-15
1LBuf09MvgY,Apple AirPods PRO -RUIDO a discreci√≥n!!!-,UCYkoAtIMi6oFG_8SO5YrauQ,clipset,2019-12-15,350496,8220,254,476,403557137,2350000,1985,67.64470672607422,2019-12-13,68.69938659667969,2019-12-20
OsDw5N9AQcE,Realme Buds Air vs Apple Airpods 2 -¬øsolo una cuesti√≥n de PRECIO?-,UCYkoAtIMi6oFG_8SO5YrauQ,clipset,2020-02-06,104051,2570,99,168,403557137,2350000,1985,79.02740478515625,2020-02-05,80.63192749023438,2020-02-12
uFONoN0zmLg,Apple Airpods vs Apple Lightning Headphones,UCWFKCr40YwOZQx8FHU_ZqqQ,JerryRigEverything,2017-02-13,1478314,34825,934,5605,1232694526,6480000,796,31.16268920898437,2017-02-10,32.01181030273437,2017-02-17
eMYnRY-8xE0,AIRPODS de Apple: c√≥mo sacarles todo el partido | ChicaGeek,UCGdlvijxkue8x5AyBrBUljQ,ChicaGeek,2018-10-15,1393213,36036,1407,1155,51334079,482000,608,53.60964965820313,2018-10-12,52.93382263183594,2018-10-19
3fPNnfQumHw,SPOT THE DIFFERENCE: Real Apple Airpods VS Fake Airpods. What Do You Think??,UCyszDMOdoIqQxpdMih3e4Ag,AllSortz,2018-11-22,1277949,8030,3710,2247,11401742,33300,578,42.81742858886719,2018-11-21,43.82501220703125,2018-11-28
_lbYW-FIaug,I11-tws VS Apple Airpods,UCIfMka3q_tcPOYeiEZr3zjA,Custom Adventurist,2019-01-10,1243480,12863,637,805,12758810,43500,215,37.13282012939453,2019-01-09,37.52762985229492,2019-01-16
scoCVAk7_JI,Beats X Wireless vs Apple AirPods!,UCDlQwv99CovKafGvxyaiNDA,Jonathan Morrison,2017-02-09,1240283,33365,735,1905,425602222,2660000,1200,31.00937271118164,2017-02-08,31.962276458740234,2017-02-15
-dkfZuT7OCE,Apple AirPods 2 vs Samsung Galaxy Buds!,UCDlQwv99CovKafGvxyaiNDA,Jonathan Morrison,2019-03-31,815711,23280,816,2003,425602222,2660000,1200,46.20462036132813,2019-03-29,47.91950607299805,2019-04-05
nIk8YnCGckw,$549 AirPods Max Impressions: Has Apple Lost Their Minds?,UCDlQwv99CovKafGvxyaiNDA,Jonathan Morrison,2020-12-08,310635,11517,547,2358,425602222,2660000,1200,123.08000183105469,2020-12-02,,
p6l4sNjSKdY,AirPods - Unboxing and Review,UCiQMYozSSTkJ2twtZM1bG9w,zollotech,2016-12-20,1200950,11152,437,1043,294296116,841000,2632,27.392711639404297,2016-12-19,27.36452674865723,2016-12-23
QN9UrusZ8ls,Apple AirPods Pro ‚Äî –ø–µ—Ä–≤—ã–π –æ–±–∑–æ—Ä,UCRP4EhX1Op-jL7D87PB3qhQ,808,2019-10-30,1195161,57925,2127,26989,429262392,2510000,512,59.63299179077149,2019-10-29,63.02532577514648,2019-11-05
if5_fK8F4ow,–ü–æ–ª–Ω—ã–π –æ–±–∑–æ—Ä –Ω–∞—É—à–Ω–∏–∫–æ–≤ Apple AirPods,UCRP4EhX1Op-jL7D87PB3qhQ,808,2016-09-15,1128305,14343,1716,925,429262392,2510000,512,26.114919662475586,2016-09-14,26.53081130981445,2016-09-21
ZHRgpdsYJow,Apple AirPods: Die 10 wichtigsten Einstellungen,UCXeBejAs0cIw4a3UFy1SuIg,COMPUTER BILD,2017-06-22,1151537,14561,1034,756,84133822,149000,2423,34.547866821289055,2017-06-21,34.53839492797852,2017-06-28
pzpu9pL8qoA,"Apple AirPods 2: Tipps, Hilfe, Funktionen | deutsch",UCXeBejAs0cIw4a3UFy1SuIg,COMPUTER BILD,2019-10-28,282545,4341,161,339,84133822,149000,2423,60.43940734863281,2019-10-25,62.70423126220703,2019-11-01
i_ITC7AHdEg,Apple AirPods 2: Zweite Generation ausgepackt!,UCXeBejAs0cIw4a3UFy1SuIg,COMPUTER BILD,2019-03-27,249106,2807,222,321,84133822,149000,2423,45.43595886230469,2019-03-26,47.19464111328125,2019-04-02
ShKUE2Gk6Es,"Rasanya pake AirPods Pro, headset Rp4 juta dari Apple.",UC1dI4tO13ApuSX0QeX8pHng,GadgetIn,2019-11-04,1105347,23025,610,2197,1152602607,6480000,914,62.70423126220703,2019-11-01,63.95454406738281,2019-11-08
YX9V3DEFTRc,AKHIRNYA DAPET! Unboxing Apple New Airpod 2!,UC1dI4tO13ApuSX0QeX8pHng,GadgetIn,2019-06-09,989351,29173,919,2171,1152602607,6480000,914,46.43139266967773,2019-06-07,47.06382369995117,2019-06-14
non3wgqwmS0,Les AirPods d&#39;Apple valent-ils 179‚Ç¨ ?! (Test Complet),UCJy0lX8ThZ7lCtst7JnegWQ,Jojol,2017-01-04,1055186,30127,1197,2401,389253721,2110000,1435,27.27763938903809,2017-01-03,27.97278594970703,2017-01-10
1z39FTgcrEM,J&#39;ai achet√© les AirPods d&#39;Apple √† 179‚Ç¨ !,UCJy0lX8ThZ7lCtst7JnegWQ,Jojol,2016-12-21,887559,25484,1599,2753,389253721,2110000,1435,27.46551513671875,2016-12-20,27.53831672668457,2016-12-27
RE7xzLzp52w,Apple AirPods Teardown with iFixit,UCwY9B5_8QDGP8niZhBtTh8w,TWiT Tech Podcast Network,2017-01-08,992787,5074,1216,351,60812264,223000,15578,27.69097137451172,2017-01-06,27.95635032653809,2017-01-13
c_DUWw2momA,[DIY] Leather Apple AirPods case making / wet forming leather,UCJYSHaxWbDhYgh-PH0nashw,HAHNS ATELIER,2019-04-12,987323,23564,464,1151,18315481,298000,145,48.393836975097656,2019-04-11,49.58818054199219,2019-04-18
N-n4U3-j9dw,AirPods Pro review: the perfect earbuds for the iPhone,UCddiUEpeqJcYeBxX1IVBKvQ,The Verge,2019-11-01,975387,16745,613,1146,873786498,3080000,3949,60.9737434387207,2019-10-31,63.779991149902344,2019-11-07
khxwPHj-j2s,Apple AirPods 2 review: even more wireless,UCddiUEpeqJcYeBxX1IVBKvQ,The Verge,2019-03-29,499819,6214,511,498,873786498,3080000,3949,45.90542602539063,2019-03-28,47.60085678100586,2019-04-04
uayCJxVy7rU,Apple AirPods review,UCddiUEpeqJcYeBxX1IVBKvQ,The Verge,2016-12-20,465249,6866,675,756,873786498,3080000,3949,27.392711639404297,2016-12-19,27.36452674865723,2016-12-23
a6iFZp1HoHI,ÿ≥ŸÖÿßÿπÿßÿ™ ÿ¢ÿ®ŸÑ AirPods ÿßŸÑÿ¨ŸäŸÑ ÿßŸÑÿ´ÿßŸÜŸä ŸáŸÑ ÿ™ÿ≥ÿ™ÿ≠ŸÇ ÿßŸÑÿ¥ÿ±ÿßÿ°ÿü Apple Airpods 2,UCMM1y0hm7qXW8yGJ6DeQeSQ,UTD Saudi ŸÅŸäÿµŸÑ ÿßŸÑÿ≥ŸäŸÅ,2019-03-28,952119,26073,630,1083,365585837,3090000,1519,45.8446159362793,2019-03-27,47.51815414428711,2019-04-03
mpWOlhriVW0,Real vs Fake - Apple Airpods vs i10 TWS,UCFfCqe7b9YiDk2ZiAG8UIGA,Flossy Carter,2019-03-01,929093,18183,571,2830,274366426,1610000,2140,42.11808776855469,2019-02-28,41.9599723815918,2019-03-07
aQ8TrdA5E7E,Huawei Freebuds 2 Pro - Better Than Apple Airpods?,UCFfCqe7b9YiDk2ZiAG8UIGA,Flossy Carter,2019-01-18,925435,15395,838,1904,274366426,1610000,2140,37.75045394897461,2019-01-17,36.98507690429688,2019-01-24
NPWCuA_8Zws,Apple Airpods 2 &quot;Real Review&quot;,UCFfCqe7b9YiDk2ZiAG8UIGA,Flossy Carter,2019-03-29,294630,10440,239,2317,274366426,1610000,2140,45.90542602539063,2019-03-28,47.60085678100586,2019-04-04
jkUMblxVV5c,Apple AirPods 2: Unboxing &amp; Review,UCfw2hvuj40AChU7n-N-PRHA,Apple Explained,2019-04-03,893352,9287,337,824,152937367,626000,238,47.19464111328125,2019-04-02,48.527626037597656,2019-04-09
TjedP6NgOXo,Why Apple&#39;s AirPods Are So Popular,UCfw2hvuj40AChU7n-N-PRHA,Apple Explained,2019-01-26,685658,13936,685,2900,152937367,626000,238,38.21064758300781,2019-01-25,40.3323860168457,2019-02-01
-G2UqThvTnc,Traveling Apple AirPods Review,UC6OICk-ceplUJf4sCN3DMnQ,Tyler Stalman,2017-03-31,890073,15889,545,1179,24469839,283000,130,33.94826889038086,2017-03-30,33.884593963623054,2017-04-06
4yvcfkTNzrE,1900TL‚Äôlik &quot;ORƒ∞Jƒ∞NAL‚Äù AirPods PRO&#39;yu PAR√áALADIK!,UCQ7H6E_x7aNK4xdyYbilLQg,TAA,2019-11-29,859769,32009,1220,1748,100175134,808000,114,65.84756469726561,2019-11-27,65.29194641113281,2019-12-05
grjkeXTB72g,–ö–æ–ø–∏—è Apple AirPods –∏ Apple Watch c AliExpress! –Ø –≤ –®–û–ö–ï!,UCF71l11-rFVB-bmKBp2PFOA,–ë—É–∫—Ä–µ–µ–≤,2019-08-20,838582,30041,1829,1118,229963852,1630000,1011,51.55904769897461,2019-08-19,50.6129150390625,2019-08-26
yg6jv2DI048,How to use Apple EarPods ( Headphones ) on Xbox One,UChY9Cgv-iyPDvf1Bkyx20OQ,My Mate VINCE,2018-07-23,823973,7979,597,617,277802888,660000,1099,46.04548645019531,2018-07-20,45.93484878540039,2018-07-27
2JXUWd20aNw,Destroying my family&#39;s APPLE AIRPODs PRANK!,UCBKeLaZm7TMxw6PTICVhWbQ,jase,2019-12-21,804751,8955,344,910,2663384,49000,59,68.69938659667969,2019-12-20,71.24635314941406,2019-12-27
oH2cZrEv934,How to ‚óè Clean Apple EarPods or AirPods ( properly ! ),UCrnCSQJB4c1_rOKJRzSZemg,Chris Notap,2016-08-16,801101,9325,572,1066,186836246,799000,239,25.57986831665039,2016-08-15,25.35322189331055,2016-08-22
bOg319-o6Ks,Using Apple Airpods with Galaxy S10 Plus...,UCwgP40E6FHIqB2eBoJk5AfQ,Average Tech Guy,2019-03-11,792266,9113,515,745,19049980,60100,1043,42.05970764160156,2019-03-08,45.272987365722656,2019-03-15
AvIQeohgPD8,Using Apple Airpods 2 with Samsung Galaxy Note 10+...,UCwgP40E6FHIqB2eBoJk5AfQ,Average Tech Guy,2019-08-24,368786,4600,200,357,19049980,60100,1043,49.66923904418945,2019-08-23,51.1644172668457,2019-08-30
JH-fFfAWldc,AirPods Pro vs AirPods: Which Should You Buy?,UCMgCvJ3_QahXgvwj6LjOd-w,Soldier Knows Best,2019-11-02,793243,14901,280,1615,209096327,802000,1642,62.70423126220703,2019-11-01,63.95454406738281,2019-11-08
eU7ANMsFnlM,OnePlus Buds vs Apple AirPods - This Might Surprise You,UCMgCvJ3_QahXgvwj6LjOd-w,Soldier Knows Best,2020-07-21,388179,6721,205,422,209096327,802000,1642,98.01139068603516,2020-07-20,94.4763641357422,2020-07-27
Dh-ia81C5Ko,Apple Wireless AirPods Review With It&#39;s Pros &amp; Cons,UCO2WJZKQoDW4Te6NHx4KfTg,Geekyranjit,2017-12-19,777038,10626,867,933,693016597,3130000,2915,42.09820938110352,2017-12-18,41.76174926757813,2017-12-22
2d_k59H4cik,Samsung Galaxy Buds vs Apple AirPods Review,UCO2WJZKQoDW4Te6NHx4KfTg,Geekyranjit,2019-03-01,441926,7381,636,788,693016597,3130000,2915,42.11808776855469,2019-02-28,41.9599723815918,2019-03-07
m-1gUUsKpMk,APPLE AIRPODS: VALE A PENA? (REVIEW),UCCbD39MVnMsTLGxsHLnOKlg,Loop Infinito,2017-01-19,737383,34360,525,1243,153951378,980000,1452,28.17945671081543,2017-01-18,28.623313903808594,2017-01-25
aoSFrUhSgCI,APPLE AIRPODS PRO: 2 Professional Audio Engineers Trying Them For the First Time,UCEAMLkMKtq6YhmaZdUT1ywA,This is Tech Today,2019-11-14,737362,15060,947,1188,12597434,151000,125,65.01905059814453,2019-11-13,64.70437622070311,2019-11-20
QbKmVo1XOrU,Apple AirPods Unboxing &amp; Review,UCm2TEW6GMo-uUEnAuk-kyCw,jose Tecnofanatico,2016-12-21,730154,14287,614,849,369736953,2030000,3250,27.46551513671875,2016-12-20,27.53831672668457,2016-12-27
CDfJSJRk5f4,Apple AirPods PRO UNBOXING y primeras impresione,UCm2TEW6GMo-uUEnAuk-kyCw,jose Tecnofanatico,2019-10-30,232634,7143,283,472,369736953,2030000,3250,59.63299179077149,2019-10-29,63.02532577514648,2019-11-05
AcXn7ZgLXwg,BeatsX vs. Apple AirPods ¬øcu√°l es mejor?,UCEgF6KhiOxSe-oRDUJba3Kg,Victor Abarca,2017-05-23,692597,13813,641,874,84654230,656000,436,36.471004486083984,2017-05-22,36.38100051879883,2017-05-26
tp_evOtoqIQ,2000 TL&#39;lik Apple AirPods Pro Kulaklƒ±klarƒ± Almamanƒ±z ƒ∞√ßin 4 Neden,UC26buublzO30XpR-KP2TfAw,webtekno,2019-11-24,683901,25382,1913,2755,823347436,3120000,1254,64.35772705078125,2019-11-22,65.7025146484375,2019-11-29
ich81gzdeDQ,"Apple Airpods, os fones de 1399 reais. Valem a pena? (fones TWS) [An√°lise]",UC_bXJnsgwOqEPA_-6N6faKw,Canaltech,2017-01-19,645946,24321,525,1458,449473094,2610000,4047,28.17945671081543,2017-01-18,28.623313903808594,2017-01-25
gLvINU3Cuwc,"–ö–æ–ø–∏—è Apple Airpods Pro –∑–∞ 4000 –†—É–±–ª–µ–π, –ö–æ—Ç–æ—Ä–∞—è –°–º–æ–≥–ª–∞! –°—Ä–∞–≤–Ω–µ–Ω–∏–µ —Å –û—Ä–∏–≥–∏–Ω–∞–ª–æ–º",UCZOINootuIq8tmgEY5Znj0g,–†–∞—Å–ü–∞–∫–æ–≤–∫–∞ –î–≤–∞–ü–∞–∫–æ–≤–∫–∞,2019-12-25,645071,26595,1133,1922,118404053,753000,757,69.88681793212889,2019-12-24,72.19286346435547,2019-12-31
ZX92ZfJwW_U,BlackPods Pro –∏ –¢–æ—á–Ω–∞—è –ö–æ–ø–∏—è Apple Airpods Pro —Å –ê–ª–∏—ç–∫—Å–ø—Ä–µ—Å—Å!,UCZOINootuIq8tmgEY5Znj0g,–†–∞—Å–ü–∞–∫–æ–≤–∫–∞ –î–≤–∞–ü–∞–∫–æ–≤–∫–∞,2020-03-11,353638,13031,496,608,118404053,753000,757,70.31636810302734,2020-03-10,62.31230926513672,2020-03-17
dK3WgJhbgfY,–≠—Ç–æ –õ—É—á—à–∏–µ –ë–µ—Å–ø—Ä–æ–≤–æ–¥–Ω—ã–µ –ù–∞—É—à–Ω–∏–∫–∏ –í–∫–ª–∞–¥—ã—à–∏! Vivo TWS –£–¥–µ–ª–∞–ª–∏ Apple Airpods,UCZOINootuIq8tmgEY5Znj0g,–†–∞—Å–ü–∞–∫–æ–≤–∫–∞ –î–≤–∞–ü–∞–∫–æ–≤–∫–∞,2020-07-02,349824,15621,482,1554,118404053,753000,757,90.7071762084961,2020-07-01,95.00699615478516,2020-07-08
bzauyDutbNY,Samsung Galaxy Buds (Black) vs Apple AirPods Pro (Not Black),UCwOCcE4enBgo4DenWHv0JYA,Shane Symonds,2019-11-13,639267,8997,317,2082,35807829,145000,116,64.4019775390625,2019-11-12,65.46650695800781,2019-11-19
_aS2Arxhcgs,RECENSIONE Apple AirPods auricolari wireless!,UC5yXB_ThsufRJYMRlzIGoeQ,andreagaleazzi.com,2016-12-18,639642,14310,252,943,434798217,1080000,2471,27.235361099243164,2016-12-16,27.36452674865723,2016-12-23
1yVPJVtLr0w,Recensione AIRPODS PRO APPLE e CONFRONTO AirPods normali. TEST anche su ANDROID,UC5yXB_ThsufRJYMRlzIGoeQ,andreagaleazzi.com,2019-11-05,538002,14117,242,783,434798217,1080000,2471,63.116004943847656,2019-11-04,64.46099090576172,2019-11-11
8kLLnsCjeYc,Apple AirPod Pro Must Have Accessories!,UClQQoervgLHV2pAOxHJ16NA,HotshotTek,2019-12-23,637823,8517,939,294,47507434,127000,543,68.69938659667969,2019-12-20,71.24635314941406,2019-12-27
Noq0z5ACPQI,So s√°nh tai nghe Galaxy Buds v√† Apple Airpods,UCEeXA5Tu7n9X5_zkOgGsyww,V·∫≠t V·ªù Studio,2019-03-15,619558,6856,299,459,857575882,2000000,4689,44.69163131713867,2019-03-14,47.45490646362305,2019-03-21
hkoWCX8sQf4,AirPods Max üéß Unboxing and First Impressions!,UCey_c7U86mJGz1VJWH5CYPA,iJustine,2020-12-10,625654,33771,3105,4322,1242679012,6810000,1984,,,,
AYdyBdQvAJE,How to customize the settings on your AirPods or AirPods Pro - Apple Support,UCYFQ33UIPERYx8-ZHucZbDA,Apple Support,2020-01-28,613447,9287,268,522,55309626,734000,263,75.95431518554688,2020-01-27,75.88301849365234,2020-02-03
JIhEgcypQQg,How to connect AirPods to your iPhone or Android device - Apple Support,UCYFQ33UIPERYx8-ZHucZbDA,Apple Support,2020-01-28,330161,3070,118,236,55309626,734000,263,75.95431518554688,2020-01-27,75.88301849365234,2020-02-03
RHCmtN-7xR8,–ü–æ–ª–Ω—ã–π –æ–±–∑–æ—Ä –±–µ—Å–ø—Ä–æ–≤–æ–¥–Ω—ã—Ö –Ω–∞—É—à–Ω–∏–∫–æ–≤ Apple AirPods,UCT8ny3aoHGFPILpCsFuEq9A,Citrus,2017-01-18,597396,7451,505,573,122609834,540000,1463,28.18180084228516,2017-01-17,28.17475700378418,2017-01-24
tRKKknymi9Y,"Gifting My CAMERAMAN SUNEO GADGETSüò±üòç- Airpods Pro, Apple Watch, Smallest Phone",UCZ2AtDVMLq16wTxyMny0rQg,Master Butter,2020-11-11,596507,39325,2052,2139,97871875,690000,251,115.97000122070312,2020-11-10,119.38999938964844,2020-11-17
yYAjnEqjzmA,Why you NEED AirPods for your new Apple Watch,UCUUNkL6Wke6i0P6funa7wdQ,AppleInsider,2018-12-31,580493,5648,554,404,170680864,531000,1269,37.84006881713867,2018-12-28,35.909671783447266,2019-01-04
s1utHuPAqxg,$550 AirPods Max Are OFFICIAL! Everything You NEED to Know Before Ordering!,UCUUNkL6Wke6i0P6funa7wdQ,AppleInsider,2020-12-08,83935,1540,391,854,170680864,531000,1269,123.08000183105469,2020-12-02,,
iJ1vrNCemFc,Apple Airpod Pro w/ Active Noise Cancelling - REVIEW,UCcGYJndqreqXMUZoOhn3E7A,JimsReviewRoom,2019-11-07,581244,14665,276,1627,167670432,999000,619,63.052284240722656,2019-11-06,65.01905059814453,2019-11-13
v8uq7P2cjb8,The Truth about Apple AirPods Pro !,UCXUJJNoP1QupwsYIWFXmsZg,Tech Burner,2019-11-14,574132,37153,1189,1857,447078121,4440000,648,65.01905059814453,2019-11-13,64.70437622070311,2019-11-20
kYRghnqGt7o,Huawei FreeBuds Pro vs. Samsung Galaxy Buds Live vs. Apple AirPods Pro,UCzwe0YWblwBt2B_9_d-P44w,Pretty Tech,2020-10-27,874101,301,120,21,9088656,27200,427,114.8518524169922,2020-10-26,108.5826644897461,2020-11-02
N7bT56mrDF4,5 cosas sobre los Apple AirPods que debes saber,UCx_lYLRAnOwYFWrbfwAs0iA,iSenaCode,2017-01-03,527298,5976,365,274,81952402,391000,2309,27.20013427734375,2016-12-30,27.944602966308594,2017-01-09
WGDNjMoM3V4,Review: Apple AirPods PRO ¬øMerecen la pena?,UCx_lYLRAnOwYFWrbfwAs0iA,iSenaCode,2019-11-16,61210,1722,81,136,81952402,391000,2309,65.33621215820311,2019-11-15,64.35772705078125,2019-11-22
NvjmJbjQSkU,Using APPLE AIRPODS on ANDROID (Apple Airpod 2 Review),UCI_lLkWji9bFWGkRGM_5TkQ,Copper vs Glass,2019-04-05,523510,5262,424,676,24433011,75300,720,47.60085678100586,2019-04-04,48.393836975097656,2019-04-11
XKWM25yN0wc,Apples neue AirPods Max - Wir m√ºssen reden.,UC173FCaSv6VvqDxuoinDr3g,Felixba,2020-12-08,525919,28002,844,4455,153639229,707000,779,123.08000183105469,2020-12-02,,
LgEJe5ZYPSU,How to Check Apple AirPods Battery Life Out Of The Case For The iPhone And Android,UC8TENxiHgZlGo6nqpfyYVgw,SidsTips,2018-06-01,500857,3638,192,416,14089039,15200,2282,44.94629669189453,2018-05-31,46.53134155273438,2018-06-07
RGuBkl_0XeA,How To Answer and Hang Up A Call With The Apple Airpods On The iPhone,UC8TENxiHgZlGo6nqpfyYVgw,SidsTips,2019-03-14,263163,4174,90,182,14089039,15200,2282,44.20027542114258,2019-03-13,45.76921081542969,2019-03-20
WpeQMg6YUH0,iPhone 7 + AirPods ‚Äì Stroll ‚Äî Apple Official,UCfsKYESfFjJrhLfW8hAqKfg,Angedelile,2017-02-25,498910,8952,101,323,64219843,199000,102,32.23352432250977,2017-02-24,32.969432830810554,2017-03-03
0zMxtkwlDCY,‚Çπ75000 APPLE ‡¥ï‡µä‡¥£‡µç‡¥ü‡µÅ‡¥™‡µã‡¥Ø‡¥™‡µç‡¥™‡µã‡µæ ‚åöÔ∏è airpod pro | apple watch 6,UCkJfmb163NsCn5RilDm7Q6g,Karthik Surya,2020-12-06,499410,60281,1252,3374,83870848,818000,192,123.08000183105469,2020-12-02,,
bgjsGMC-CXM,Samsung Galaxy Buds+ vs Apple AirPods Pro [Honest Comparison],UCZZ4ivUawsXRktLKej8d6Xw,Mike O'Brien,2020-02-29,490109,13705,296,1703,30043086,183000,160,67.36412811279297,2020-02-28,71.2256851196289,2020-03-06
uKJKf-ooOhM,SENNHEISER 2 vs AIRPODS PRO [Sennheiser Momentum True Wireless 2 &amp; Apple AirPod Pro Full Comparison],UCZZ4ivUawsXRktLKej8d6Xw,Mike O'Brien,2020-03-15,201510,3396,134,577,30043086,183000,160,68.50017547607422,2020-03-13,56.49163436889648,2020-03-20
gIaraa91RE0,FAKE VS REAL Apple AirPods Pro - Buyers Beware! 1:1 Clone,UCf_67twWOb9eYH-HX562r6A,Redskull,2019-11-27,488281,5325,197,661,73316661,218000,1198,64.97481536865234,2019-11-26,63.78491592407226,2019-12-03
AZy5CoKWK04,FAKE VS REAL Apple AirPods Pro - Buyers Beware! Perfect Clone!,UCf_67twWOb9eYH-HX562r6A,Redskull,2020-06-08,469825,5944,236,1264,73316661,218000,1198,82.5833740234375,2020-06-05,84.40194702148438,2020-06-12
79rZE6vtpWM,FAKE VS REAL Apple AirPods 2 - Buyers Beware 1:1 Clone,UCf_67twWOb9eYH-HX562r6A,Redskull,2020-07-26,54891,945,26,177,73316661,218000,1198,92.28909301757812,2020-07-24,105.8860855102539,2020-07-31
IsAufcwdjE4,Apple AirPods Pro kutusundan √ßƒ±kƒ±yor!,UCzNu79N8Lq1wUY52MkhWKSA,ShiftDelete.Net,2019-11-19,483846,9344,1594,1671,496050734,1430000,5850,65.66563415527344,2019-11-18,65.48616790771484,2019-11-25
0IkQZToTsFY,BEKLEDƒ∞ƒûƒ∞Mƒ∞ZE DEƒûDƒ∞ Mƒ∞? - Apple AirPods 2 Kutu A√ßƒ±lƒ±≈üƒ±!,UCzNu79N8Lq1wUY52MkhWKSA,ShiftDelete.Net,2019-04-05,470481,6945,875,715,496050734,1430000,5850,47.60085678100586,2019-04-04,48.393836975097656,2019-04-11
WGUlNJh261k,Apple AirPods ƒ∞nceleme - 900 TL&#39;ye deƒüiyor mu?,UCzNu79N8Lq1wUY52MkhWKSA,ShiftDelete.Net,2017-03-10,310895,3583,246,702,496050734,1430000,5850,32.70998001098633,2017-03-09,33.184066772460945,2017-03-16
ypNMkiGmAHE,Apple AirPods Pro Uzun Kullanƒ±m Testi! - 3 ay nasƒ±l ge√ßti?,UCzNu79N8Lq1wUY52MkhWKSA,ShiftDelete.Net,2020-03-05,288861,9270,435,991,496050734,1430000,5850,74.60424041748047,2020-03-04,67.87424468994139,2020-03-11
H54oLelvMG0,Samsung Galaxy Buds ƒ∞nceleme - Apple AirPods ile kar≈üƒ±la≈ütƒ±rdƒ±k,UCzNu79N8Lq1wUY52MkhWKSA,ShiftDelete.Net,2019-05-04,266035,4161,285,960,496050734,1430000,5850,51.50739288330078,2019-05-03,48.14799880981445,2019-05-10
ZA3W-EXrLE0,1.399 TL verip almaya deƒüer mi? - Apple AirPods 2 ƒ∞nceleme!,UCzNu79N8Lq1wUY52MkhWKSA,ShiftDelete.Net,2019-04-21,220212,3162,382,493,496050734,1430000,5850,49.58818054199219,2019-04-18,49.69520950317383,2019-04-26
O0bk9MSmnHw,Skullcandy Indy vs Apple AirPods 2 - And the winner is? (Review &amp; Mic Sample),UCt7gJvggxs69ZSQc1eBMh_w,Brian Unboxed,2019-05-17,421864,5628,296,501,6712320,24000,434,46.41430282592773,2019-05-16,43.86991500854492,2019-05-23
P_cNQbAXP6g,Apple AirPods Unboxing,UCeaXPZT_Zj8CSC-OrQcRs3g,TechTalk,2017-11-02,420762,3844,180,561,14320044,27500,1337,39.68147277832031,2017-11-01,41.90462112426758,2017-11-08
-7LsKF_y3YQ,"[HINDI] ‚Çπ12,999 Apple AirPods VS  ‚Çπ499 TWS - i7S (Fake AirPods) Comparison | Real Vs Fake AirPods",UCc1aq4F_dnz5oWGXV7Ov02g,Harsh Sharma,2019-06-06,414085,5996,693,298,10604504,67500,483,44.573158264160156,2019-06-05,47.41789245605469,2019-06-12
2FvJ-Wn0_4k,AirPods Max Unboxing &amp; First Impressions! WOW,UC9fSZHEh6XsRpX-xJc6lT3A,UrAvgConsumer,2020-12-10,410691,23209,855,2820,403195971,3050000,902,,,,
8iNnmJabT70,How to Identify FAKE Apple EarPods IN 5 STEPS | 2019,UCWHECOBvlhosLKVTHvw-3qw,Fisayo Fosudo,2018-01-07,399587,4710,457,363,8558051,105000,164,41.759361267089844,2018-01-05,42.25809097290039,2018-01-12
JF_wpY8BqK8,Apple AirPods Pro review: Finally good,UC3lJL1pUvQ2Ih2qZ-4ozrLw,SoundGuys,2019-11-18,386885,5191,277,697,20416868,173000,359,65.33621215820311,2019-11-15,64.35772705078125,2019-11-22
EtvkG7bpUlU,How to Draw Apple AirPods üçéüéµ,UC3dEvA1is6-0_yuei9iCdEw,Draw So Cute,2020-03-31,384859,4557,306,864,427625001,2320000,1328,62.79285049438477,2020-03-30,64.68050384521484,2020-04-06
0Dfz6gg-sEc,HOW TO DRAW A CUTE APPLE AIRPODS,UCEDqrzeStonXUKvrtQIlDFg,GuuhDrawings,2020-06-11,369778,3065,344,168,46556436,285000,350,87.89958953857422,2020-06-10,87.58819580078125,2020-06-17
Lz6QnrrEK3A,Xiaomi AirDots Pro 2: Cheaper Alternative to Apple Airpods?,UCdp6GUwjKscp5ST4M4WgIpw,TechWiser,2019-10-26,353946,3864,374,276,45268385,447000,318,60.43940734863281,2019-10-25,62.70423126220703,2019-11-01
G9YOOCdshOw,Apple AirPods Pro Test Fazit nach einem Monat,UCtVRqyK1SGKqOlER5-mnKZQ,Technikfaultier,2019-11-24,354523,6074,366,802,120367049,285000,3160,64.35772705078125,2019-11-22,65.7025146484375,2019-11-29
di0qMNpUWiQ,Ta≈Ñsze a lepsze? Xiaomi Redmi AirDots recenzja vs Apple AirPods,UCnRNy8j1mhhR-gl3HpWDV-Q,TestHubPL,2019-07-08,352001,6934,243,903,53473204,172000,921,49.869483947753906,2019-07-05,49.64240264892578,2019-07-12
inLVepnDuY4,Apple AirPods PRO s≈Çuchawki z aktywnƒÖ redukcjƒÖ szum√≥w ANC - pierwsze wra≈ºenia,UCnRNy8j1mhhR-gl3HpWDV-Q,TestHubPL,2019-10-30,55639,1013,101,152,53473204,172000,921,59.63299179077149,2019-10-29,63.02532577514648,2019-11-05
E9W8_6fY_1Y,"AirPods, los auriculares inal√°mbricos de Apple",UClLLRs_mFTsNT5U-DqTYAGg,La Vanguardia,2016-12-23,336436,1375,125,45,464238452,741000,17054,27.310510635375977,2016-12-22,27.41384696960449,2016-12-29
UfQEbUmcm2U,Apple Airpod‡Æ≤‡Øç ‡Æá‡Æµ‡Øç‡Æµ‡Æ≥‡Æµ‡ØÅ ‡Æµ‡Æö‡Æ§‡Æø‡Æï‡Æ≥‡Ææ? | Unboxing: Apple Airpod Pro | Detailed Review | Tech Boss,UCnKhQkCUS1oCEvjuTfU4xIw,Tech Boss,2019-11-19,334315,14701,455,1347,90208678,1510000,645,65.66563415527344,2019-11-18,65.48616790771484,2019-11-25
LJ26wAFbA7E,"‡Æâ‡Æ≤‡Æï‡Æø‡Æ≤‡Øá‡ÆØ‡Øá ‡Æµ‡Æø‡Æ≤‡Øà‡ÆØ‡ØÅ‡ÆØ‡Æ∞‡Øç‡Æ®‡Øç‡Æ§ Apple HeadPhoneüò≥ | Apple AirPods Maxüéß Features, Price Details Explained",UCnKhQkCUS1oCEvjuTfU4xIw,Tech Boss,2020-12-10,75014,8997,175,1471,90208678,1510000,645,,,,
WR-rx288N_U,"Apple Airpods - recenzja, Kr√≥tka Mobzilla odc. 28",UC6NFFT5qOAvgO_NQomkRvSw,Mobzilla,2017-03-06,310354,6720,136,433,149568748,424000,712,32.969432830810554,2017-03-03,32.818477630615234,2017-03-10
TJTj_m8BgC4,Apple AirPods 2 - Review,UCEoqPKAUnoZ5K6iXq0w6K0g,Coolblue,2019-04-12,303549,3004,83,392,113170533,122000,7565,48.393836975097656,2019-04-11,49.58818054199219,2019-04-18
wf3H7WhnwgM,Apple AirPods Pro - Review,UCEoqPKAUnoZ5K6iXq0w6K0g,Coolblue,2019-12-04,123230,1715,58,188,113170533,122000,7565,63.78491592407226,2019-12-03,66.00489807128906,2019-12-10
kcRCs0wjfCg,HYDRO Dipping Apple Airpods - SUPREME (Satisfying),UCv6zfVTPgfqB1o29iT68HIg,ConnorTV,2020-04-23,301571,12170,664,509,56976506,524000,525,68.03935241699219,2020-04-22,70.90533447265625,2020-04-29
G8GiXApjzVM,Apple AirPods Pro - Review &amp; Vergleich mit AirPods 2 (Deutsch) | SwagTab,UCCqepY-W86CAXNHbnUwR5ow,SwagTab,2019-11-05,296415,6578,219,717,139812503,385000,1576,63.116004943847656,2019-11-04,64.46099090576172,2019-11-11
aoLN522d1cU,Samsung Galaxy Buds+ (Plus) - Review &amp; Vergleich mit Apple AirPods Pro (Deutsch) | SwagTab,UCCqepY-W86CAXNHbnUwR5ow,SwagTab,2020-02-23,258099,7165,247,951,139812503,385000,1576,77.14494323730469,2020-02-21,67.36412811279297,2020-02-28
dUWTCTFYJvc,"Apple AirPods 2 - Review, Vergleich mit der 1. Generation &amp; Eure Meinungen (Deutsch) | SwagTab",UCCqepY-W86CAXNHbnUwR5ow,SwagTab,2019-05-05,237900,6022,175,445,139812503,385000,1576,51.50739288330078,2019-05-03,48.14799880981445,2019-05-10
ZOrjp89qKSM,Apple AirPods Pro im Langzeittest nach 9 Monaten Nutzung (Deutsch) | SwagTab,UCCqepY-W86CAXNHbnUwR5ow,SwagTab,2020-07-28,164857,5217,121,833,139812503,385000,1576,94.4763641357422,2020-07-27,108.5541534423828,2020-08-03
P8Ia7OR8_u4,Samsung Galaxy Buds Live - Review &amp; Vergleich mit Apple AirPods Pro (Deutsch) | SwagTab,UCCqepY-W86CAXNHbnUwR5ow,SwagTab,2020-08-20,129033,3981,107,461,139812503,385000,1576,115.50821685791016,2020-08-19,126.30459594726562,2020-08-26
bsZAFhVsiaY,TEST : APPLE AIRPODS PRO vs SONY WF-1000 XM3 !,UCPQsSFJurluaMOG1qL0Y7sA,PP World,2019-11-03,294959,11522,221,1883,28951159,273000,460,62.70423126220703,2019-11-01,63.95454406738281,2019-11-08
VHZRVfxYk6A,TEST : Airpods 2019 Apple ! (qualit√©s et d√©fauts),UCPQsSFJurluaMOG1qL0Y7sA,PP World,2019-04-11,181070,6216,150,756,28951159,273000,460,48.8000602722168,2019-04-10,49.41061019897461,2019-04-17
eftzTiwCGdk,AirPods MAX : APPLE Lance un casque Bluetooth Antibruit !,UCPQsSFJurluaMOG1qL0Y7sA,PP World,2020-12-08,131039,7930,118,887,28951159,273000,460,123.08000183105469,2020-12-02,,
qwB5ynQaZsM,–ß—Ç–æ –ª—É—á—à–µ: Apple Airpods –∏–ª–∏ Samsung Galaxy Buds Live?,UCt7sv-NKh44rHAEb-qCCxvA,Wylsacom,2020-10-02,283720,14384,2430,1212,2197018592,9800000,2512,116.58885955810548,2020-10-01,114.77198791503906,2020-10-08
jUiZD0rds4Y,Jabra Elite 75t vs Apple Airpod Pro - Best True Wireless On the Planet!,UCvIbgcm10GqMdwKho8C1Zmw,MW Technology,2019-11-17,280532,3326,178,593,111609331,318000,728,65.33621215820311,2019-11-15,64.35772705078125,2019-11-22
8z17HAA-moY,Apple&#39;s &quot;Disposable &amp; UNFIXABLE&quot; $250 AirPods - e-waste problem,UCQDhxkSxZA6lxdeXE19aoRA,Hugh Jeffreys,2020-10-17,275868,16813,416,1584,92802404,576000,259,118.81501007080078,2020-10-16,114.84187316894531,2020-10-23
_KJ2ttclOFs,–û–±–∑–æ—Ä Huawei FreeBuds 3 üî• - –ï–¥–∏–Ω—Å—Ç–≤–µ–Ω–Ω–∞—è –ê–ª—å—Ç–µ—Ä–Ω–∞—Ç–∏–≤–∞ Apple AirPods 2,UCL0tSwuCfEQi6EFSUJd83VQ,Andro-news.com,2019-11-25,267660,11265,558,960,277535250,1320000,1507,64.35772705078125,2019-11-22,65.7025146484375,2019-11-29
IR3ztt5ukE0,Apple Airpods Sound Calling And Microphone Problem [Solved],UC48EXrEiro8snuiBYw13abQ,URTechSupport,2019-06-08,267072,3009,161,769,3335267,17300,293,46.43139266967773,2019-06-07,47.06382369995117,2019-06-14
BQHilbdIpPY,Apple AirPods 2 VS AirPods 1 -  Unboxing &amp; Vergleich! (Deutsch),UCKMO2LIpvjBbhNtssrCrhzQ,i Review,2019-03-26,267635,3746,313,433,10401863,32000,649,45.91029357910156,2019-03-25,46.51841354370117,2019-04-01
bA2i9knUPEs,Apple AirPods 2 Review - Was Du Wissen solltest! (Deutsch),UCKMO2LIpvjBbhNtssrCrhzQ,i Review,2019-03-31,184646,2576,158,321,10401863,32000,649,46.20462036132813,2019-03-29,47.91950607299805,2019-04-05
V4Pq6nvbaa0,C·∫£m nh·∫≠n Apple AirPods 2 sau 1 tu·∫ßn s·ª≠ d·ª•ng,UCyQobySFx_h9oFwsBV0KGdg,Tinh t·∫ø,2019-04-14,266463,1624,112,173,468476330,860000,9812,48.37438201904297,2019-04-12,49.58818054199219,2019-04-18
gNmd_ksaFns,Apple AirPods ProÊúÄÂº∑Â∞çÊâã Sony WF-1000XM3„ÄÅBeats Powerbeats Pro ÈÄ£Êé•„ÄÅÈü≥Ë≥™„ÄÅÈôçÂô™Â∞çÊ±∫ Âª£Êù±Ë©± | ËÄ≥Ê©üË©ïÊ∏¨ „ÄêPrice.com.hkÁî¢ÂìÅÊØîËºÉ„Äë,UCUEJok-GiWaGlv5nIPwk-GQ,Price.com.hk È¶ôÊ∏ØÊ†ºÂÉπÁ∂≤,2019-12-13,263485,3632,115,368,15369581,166000,200,66.73751831054689,2019-12-12,68.84196472167969,2019-12-19
qXvBHPp2158,Apple AirPods Max Are Making People Mad,UCXv-co3EYHF7aOH4A93qAHQ,Lew Later,2020-12-09,261913,9475,290,2283,59742464,791000,230,,,,
kDQAmIV4c44,Excellent Alternatives to Apple&#39;s Airpods!,UCO4ZTteyr13tn2rG5hLu8pg,Gamesky,2020-04-20,255667,3510,112,302,42076458,127000,587,69.69042205810547,2020-04-17,69.73232269287111,2020-04-24
U7mmdnM0UG4,Finally A Good Sounding Apple AirPods Pro Clone/Super Copy?,UCO4ZTteyr13tn2rG5hLu8pg,Gamesky,2020-02-26,152283,1595,73,323,42076458,127000,587,70.9915771484375,2020-02-25,71.29715728759766,2020-03-03
WFr9OSnmvjA,Apple AirPods Pro - Kidney in Ear ü§ë,UCMYuF0mNxTgOzr1lS7opIBQ,ATC Android ToTo Company,2020-01-21,249987,10997,369,829,132809118,1230000,567,78.35869598388672,2020-01-17,75.95431518554688,2020-01-27
htEAGFpmy64,How To Reset your Apple AirPods 2 - Hard Reset,UC24n6DdP2hN1OcVKVVxy_sg,Serg Tech,2019-05-18,249574,1122,266,129,120670960,339000,1061,46.15058517456055,2019-05-17,43.7014274597168,2019-05-24
9Z9xcrFGSLo,How To Reset your Apple AirPods Pro - Hard Reset,UC24n6DdP2hN1OcVKVVxy_sg,Serg Tech,2019-11-09,238400,2190,233,263,120670960,339000,1061,63.95454406738281,2019-11-08,65.33621215820311,2019-11-15
XiO9fNzWjSI,Apple Airpods Pro 2 Release Date and Price ‚Äì Airpods 3 Launch Date Coming?,UCz6PEeVLG1TL6jMRTvSLm4g,Matt Talks Tech,2020-09-17,241881,7026,346,764,13816386,100000,209,111.93688201904295,2020-09-16,106.93550872802734,2020-09-23
LI8V6PcOdZA,Apple Airpods Pro 2 Release date and price ‚Äì Airpods 3 Launch Date in 2020?,UCz6PEeVLG1TL6jMRTvSLm4g,Matt Talks Tech,2020-10-12,147005,5867,267,411,13816386,100000,209,116.76854705810548,2020-10-09,118.81501007080078,2020-10-16
pLlVS_48qL8,Apple AirPods Pro 2 Release Date and Price ‚Äì New AirPods 3 Launch Date for 2020?,UCz6PEeVLG1TL6jMRTvSLm4g,Matt Talks Tech,2020-11-03,87456,1856,131,370,13816386,100000,209,108.5826644897461,2020-11-02,116.31999969482422,2020-11-09
LSjbQsv2JwM,"realme 8/X4 Pro Coming Soon?, LG Rollable Phone üò≤, Apple AirPods 3 Leaked, Mi Smart Upgrade-#TTN875",UCEPL07qzVsOcHd3sMUws65g,Trakin Tech,2020-11-05,241286,27156,618,2602,732903914,6760000,2189,114.75202178955078,2020-11-04,119.48999786376952,2020-11-11
39STbHMnGxI,Apple AirPods vs. Apple EarPods,UCHDZxIWRuJeNvZhGGXtM0_g,skyforce95,2018-02-24,237929,2772,300,412,6427192,12200,807,42.04942321777344,2018-02-23,42.21953582763672,2018-03-02
g_qFx_MVlwk,Apple EarPods and Lightning EarPods Unboxing &amp; Comparison Review,UCHDZxIWRuJeNvZhGGXtM0_g,skyforce95,2018-01-12,183195,1364,115,85,6427192,12200,807,41.826171875,2018-01-11,42.77590942382813,2018-01-18
wLUJ9VNzZXo,Apple Airpod Pro Javascript Animation Tutorial,UClb90NQQcskPUGDIXsQEz5Q,Dev Ed,2019-11-02,235093,12467,146,493,24864467,512000,186,62.70423126220703,2019-11-01,63.95454406738281,2019-11-08
H5N5f-zqen4,–ó–≤—É–∫ Apple AirPods Pro: —á—Ç–æ —Å –Ω–∏–º –Ω–µ —Ç–∞–∫?,UCHB_LTbHebAPiiP3q8Jj3dg,Michael Borzenkov,2019-11-14,234220,12954,461,1176,22014829,145000,363,65.01905059814453,2019-11-13,64.70437622070311,2019-11-20
_-LkzzizEUw,Connect iPhone 6 to Apple Airpods - How to,UCdGUh5WgHPF7jfZDXxbGd1w,Team AJ,2019-11-18,226291,2153,98,212,27255511,31100,411,65.33621215820311,2019-11-15,64.35772705078125,2019-11-22
xqgppNkp4To,Restoration old AirPod Pro for Iphone ‚úï | Restore Broken  Apple Smartphone Tools fake AirPods Ôº∞ÔΩíÔΩè,UC3s0xujKiaQWwbDRnQDzUQA,Restoration 2R,2020-12-04,312814,7726,646,420,94160312,526000,66,123.08000183105469,2020-12-02,,
2WA6pSziFSo,Como Resetear Apple AirPods ‚òÖ Hard Reset,UCu8kyKVjSqfdVkqqRlh1xqg,Serg Tech Espa√±ol,2019-08-17,215095,3777,238,182,21153071,61900,60,50.6153678894043,2019-08-16,49.66923904418945,2019-08-23
KnbeTnWWVeE,The ‚ÄúREAL‚Äù Truth about Apple AirPods Pro in India!,UCdoDYkupTElV62K7ttA_E4w,TechBar,2019-12-05,214830,10768,619,559,169789736,2030000,521,64.34789276123047,2019-12-04,66.56788635253906,2019-12-11
nw3oHG8FA3w,NEW Apple AirPods 2 vs Bose SoundSport Free (Earbuds Review),UCAf9vHS_4I9lSu-7gYhkzaw,RIZKNOWS,2019-04-17,203128,1724,136,300,104845117,546000,557,48.4668083190918,2019-04-16,50.468727111816406,2019-04-23
IXba28jm8ro,Jaybird Vista vs Apple AirPods Pro Review | Truly Wireless Earbuds (NEW),UCAf9vHS_4I9lSu-7gYhkzaw,RIZKNOWS,2019-12-27,85031,1813,35,212,104845117,546000,557,71.27339172363281,2019-12-26,73.84004211425781,2020-01-02
dasHcgXup_Q,Apple AirPods Pro first look: A big improvement,UC-6OW5aJYBFM33zXQlBKPNA,Engadget,2019-10-30,196901,2166,148,474,380749379,1170000,5298,59.63299179077149,2019-10-29,63.02532577514648,2019-11-05
kxy6AwMOKV0,Apple AirPods Pro review: True wireless earbuds that can hang with the best,UC-6OW5aJYBFM33zXQlBKPNA,Engadget,2019-11-06,71774,946,81,89,380749379,1170000,5298,63.02532577514648,2019-11-05,64.4019775390625,2019-11-12
2xn6NZTE0Z8,Apple AirPods Pro ‚Äî –ª—É—á—à–∏–π –æ–±–∑–æ—Ä,UCQ18THOcZ8nIP-A3ZCqqZwA,BIG GEEK,2019-10-31,193687,7919,523,835,51569587,1000000,655,59.62563705444336,2019-10-30,63.052284240722656,2019-11-06
doe2yEheTTo,–ß—Ç–æ –º–Ω–µ –¥–∞–ª–∏ Apple AirPods? –ë–û–õ–¨–®–û–ô –æ–ø—ã—Ç –∏—Å–ø–æ–ª—å–∑–æ–≤–∞–Ω–∏—è AirPods –∏ AirPods Pro,UCJHTQG_K8l2A2ZE4ohxcLyQ,ProTech,2020-04-08,194258,7721,367,961,99747781,449000,847,63.93135452270508,2020-04-07,70.73775482177734,2020-04-14
VOT0uzud2co,"–í—ã—à–ª–∏ AirPods Max (2020) ‚Äî –≤—Å–µ, —á—Ç–æ –Ω—É–∂–Ω–æ –∑–Ω–∞—Ç—å –æ –Ω–æ–≤—ã—Ö –Ω–∞—É—à–Ω–∏–∫–∞—Ö Apple!",UCJHTQG_K8l2A2ZE4ohxcLyQ,ProTech,2020-12-08,125503,7048,235,981,99747781,449000,847,123.08000183105469,2020-12-02,,
oOdT1Nwj0t0,Apple AirPods Pro in-Depth Review ll in Telugu ll,UCb-xXZ7ltTvrh9C6DgB9H-Q,Prasadtechintelugu,2020-08-23,193184,15746,219,1619,287667028,1520000,2414,124.15579986572266,2020-08-21,124.5925521850586,2020-08-28
xH9h93XwWFw,"Technews 918 FAUG,Oneplus Nord N10 &amp; N100,Youtube Updates,Apple AirPods",UCb-xXZ7ltTvrh9C6DgB9H-Q,Prasadtechintelugu,2020-10-27,133969,14344,147,1422,287667028,1520000,2414,114.8518524169922,2020-10-26,108.5826644897461,2020-11-02
cal82jdyw7s,Realme Buds Air vs Apple AirPods &amp; (Giveaway CLOSED),UCgl4mMudw205_I9_jQvG5eA,Nabeel Nawab,2019-12-24,192200,9068,2316,4365,90559069,702000,1193,69.82044219970703,2019-12-23,71.6692123413086,2019-12-30
1tevNcgX1wo,"Apple AirPods 5rs, Apple Watch 5rs | Diwali Sale 95% OFF | Delhi | Anmol Verma",UCwGPEfG_VbJraKLgOlZsBhw,Anmol verma,2020-10-22,192218,14766,1398,1001,6899608,116000,81,116.6687240600586,2020-10-21,111.00847625732422,2020-10-28
g1o7Dw4HaXc,"Branded Apple AirPods Pro, Apple Watches  | Sale 95% Off | Tech Buddy | Anmol Verma",UCwGPEfG_VbJraKLgOlZsBhw,Anmol verma,2020-12-02,91090,4656,460,775,6899608,116000,81,122.72000122070312,2020-12-01,,
QG1XKH94YsI,"Apple AirPods Pro 50Rs,Apple Watch 50Rs | Diwali Sale 98%OFF | DELHI | Anmol Verma",UCwGPEfG_VbJraKLgOlZsBhw,Anmol verma,2020-11-06,78714,4975,437,402,6899608,116000,81,118.8249969482422,2020-11-05,119.20999908447266,2020-11-12
2_miomcrvb0,Apple AirPods Vs Galaxy Buds Vs Redmi AirDots [Comparison],UCskj1U7tvN6m7sZP7FAPpyQ,GadgetByte,2019-07-19,190041,2299,418,285,28494398,307000,520,50.21866989135742,2019-07-18,50.550758361816406,2019-07-25
Kk9lMqy6KTI,AirPods in 2020 - worth buying? (Review),UC4xZF3xguQCG76hZVUivoXw,91Tech,2020-02-28,189157,4413,129,846,57041303,217000,344,67.40355682373047,2020-02-27,72.1843032836914,2020-03-05
yJDNVsIA3Ys,–õ–∞–∏ÃÜ—Ñ—Ö–∞–∫–∏ –∏ —Ç—Ä—é–∫–∏ —Å Apple Airpods Pro,UCgBYoQz1i1EA4DxS_3g0uTA,iApplenews,2020-01-05,190259,5886,483,520,2859091,13100,234,73.12215423583984,2020-01-03,76.2935791015625,2020-01-10
ENXYxqL-dB8,"Apple AirPods Studio - HERE YOU GO! First look, design, details and features! (Exclusive leaks!)",UC8jkbVLPvztz8TuE98OYo8Q,FRONT PAGE TECH,2020-09-16,181706,10368,425,1187,27950923,303000,361,115.34101104736328,2020-09-15,111.617431640625,2020-09-22
9m6M2RAcGDM,"Apple&#39;s &quot;Christmas Surprise&quot; - What is it? ü§î AirTags, AirPods Studio - EXCLUSIVE LEAKS",UC8jkbVLPvztz8TuE98OYo8Q,FRONT PAGE TECH,2020-11-18,105297,8109,498,454,27950923,303000,361,119.38999938964844,2020-11-17,115.16999816894531,2020-11-24
hkSLgPcq1oY,Apple AirPods Max - HERE YOU GO! Apple confirmed my exclusive leaks!,UC8jkbVLPvztz8TuE98OYo8Q,FRONT PAGE TECH,2020-12-09,91347,7626,175,521,27950923,303000,361,,,,
Gm15e4dNc2o,Galaxy Buds Live vs AirPods Pro Compared - Sorry Apple..,UCptwuAv0XQHo1OQUSaO6NHw,Max Tech,2020-08-08,174828,3917,223,730,113400025,514000,487,110.92113494873048,2020-08-07,114.70960235595705,2020-08-14
D-Ph35SlNOg,Are Apple&#39;s AirPods Max Headphones ACTUALLY worth $549?!,UCptwuAv0XQHo1OQUSaO6NHw,Max Tech,2020-12-08,173124,5151,365,2244,113400025,514000,487,123.08000183105469,2020-12-02,,
WkFim32_Sr0,Apple annonce le AirPods Max ! (un casque audio),UCaybrunQi8xWgPMgv1AYBHw,TheiCollection,2020-12-08,174173,11757,187,950,119807435,709000,795,123.08000183105469,2020-12-02,,
7Bf020nm-DU,New Apple AirPods Surround Sound Feature,UCtVGGeUqfVHOK4Q6nAwYO3g,LaterClips,2020-06-23,167620,3363,195,331,153915803,676000,1875,89.40178680419922,2020-06-22,90.1267318725586,2020-06-29
vl6TXNyblqw,Apple AirPods 3 Design Leak,UCtVGGeUqfVHOK4Q6nAwYO3g,LaterClips,2020-11-08,104301,2263,39,243,153915803,676000,1875,118.69000244140624,2020-11-06,119.26000213623048,2020-11-13
iBWwBkqJaHo,Apple AirPods Max REACCION!!!!!!!!,UCCGiOPUPTlQupYmDMpUxB4A,MARCIANOTECH,2020-12-08,164422,11839,663,1876,477630266,2160000,3501,123.08000183105469,2020-12-02,,
asZBZFph-W4,Apple AirPods Pro : pourquoi sont-ils si chers ?,UCAz-755tH3m8_BwaluzdJwQ,Numerama,2019-10-30,162119,4574,178,451,6047600,33500,473,59.63299179077149,2019-10-29,63.02532577514648,2019-11-05
3iPrHLaeDno,‚ùå Apple AirPods Pro FAKE vs. ORIGINAL: To bylo hodnƒõ rychl√©! | WRTECH [4K],UCn-b8vE_SmleAm7mOkywgOg,WhiteRabbit Channel #WRTECH,2020-01-12,159669,5213,109,225,23188921,139000,321,76.2935791015625,2020-01-10,78.35869598388672,2020-01-17
WN1MTuqOraA,üì¶  Unboxing Ô£ø Apple AirPods Pro a prvn√≠ dojmy | WRTECH [4K],UCn-b8vE_SmleAm7mOkywgOg,WhiteRabbit Channel #WRTECH,2019-10-31,121776,5290,107,357,23188921,139000,321,59.62563705444336,2019-10-30,63.052284240722656,2019-11-06
zdIDmioPEEU,COMO DIBUJAR UN AIRPODS DE APPLE KAWAII,UCS2apHlrsb7Od9ef3zxhyQw,GuuhDibujos,2020-06-11,160200,1954,174,123,81425167,575000,350,87.89958953857422,2020-06-10,87.58819580078125,2020-06-17
8NYiO_0xLcE,Apple announces New AirPods MAX!,UCa962e5dqRMO1nUldwaaRMw,Tailosive Tech,2020-12-08,158804,5002,209,1962,70217574,238000,1361,123.08000183105469,2020-12-02,,
Ah__DrW8228,Apple AirPods Pro | Review en espa√±ol,UCxz7sBKlpcpyCiPwXupRymw,Isa Marcial,2019-12-17,157889,5090,279,557,600841837,2520000,2967,68.80263519287111,2019-12-16,69.82044219970703,2019-12-23
a_UcxYWQjM8,Apple AirPods 2 | Review en espa√±ol,UCxz7sBKlpcpyCiPwXupRymw,Isa Marcial,2019-10-20,158003,6067,188,461,600841837,2520000,2967,57.946632385253906,2019-10-18,60.43940734863281,2019-10-25
ac4tdZNbIMI,Apple AirPods 2 vs Samsung Galaxy Buds | Comparativa,UCxz7sBKlpcpyCiPwXupRymw,Isa Marcial,2019-12-23,145936,6222,167,765,600841837,2520000,2967,68.69938659667969,2019-12-20,71.24635314941406,2019-12-27
Pt_gHdXePl4,Apple AirPods 2 kh√°c g√¨ AirPods 1?,UCbqS7BTNUNDlZs__mD-vbXQ,dReviews,2019-04-04,157391,717,67,86,170245090,420000,4311,47.51815414428711,2019-04-03,48.8000602722168,2019-04-10
kT5xAzSirV8,–û–†–ò–ì–ò–ù–ê–õ–¨–ù–´–ï Apple AirPods –ù–ê AliExpress - –≠–¢–û –†–ï–ê–õ–¨–ù–û?,UCSpU8Y1aoqBSAwh8DBpiM9A,Keddr.com,2019-05-08,154440,4387,337,299,183777753,650000,3408,49.34492874145508,2019-05-07,46.06755828857422,2019-05-14
1hj5pHORU84,Samsung Galaxy Buds+ vs. Apple AirPods Pro  - Which is Better?,UC8wXC0ZCfGt3HaVLy_fdTQw,Digital Trends,2020-02-13,150328,1967,1636,557,246877457,707000,6451,80.63192749023438,2020-02-12,79.74970245361328,2020-02-19
NWJImxIwBNI,Apple AirPods Pro vs Bose QC Earbuds | Can Bose Beat Apple?,UC8wXC0ZCfGt3HaVLy_fdTQw,Digital Trends,2020-11-11,128999,1709,64,253,246877457,707000,6451,115.97000122070312,2020-11-10,119.38999938964844,2020-11-17
RwrpqZYUzoA,"Apple AirPods vs. Klipsch T5 | With Klipsch sound, is it even a contest?",UC8wXC0ZCfGt3HaVLy_fdTQw,Digital Trends,2019-06-20,71788,985,55,184,246877457,707000,6451,48.31648254394531,2019-06-19,48.78776168823242,2019-06-26
dfgOYUrWwJg,OPPO Enco Free - Apple Airpod Style Wireless Earphones - Unboxing &amp; Review!,UClVIlK8QHZ2PFkXF97bA0lg,C4ETech,2020-03-04,150417,2710,154,330,393605563,1800000,2816,71.29715728759766,2020-03-03,70.31636810302734,2020-03-10
ZR1OQmLoyI0,Apple AirPods: Bounce,UCU5fuplXj_5gwSM6up-hHdw,Ads of Brands,2019-06-28,151466,2652,39,221,8068339,13600,1508,48.77311325073242,2019-06-27,49.9134407043457,2019-07-03
hY1a94niwpY,Animate a 3D render on scroll (same technique as Apple&#39;s AirPods Pro site) ‚Äî Webflow + After Effects,UCELSb-IYi_d5rYFOxWeOz5g,Webflow,2019-10-29,147138,6341,61,221,37505320,78800,491,61.04482650756836,2019-10-28,63.116004943847656,2019-11-04
l2v9XRyooS4,Apple AirPods - Conexi√≥n con cualquier dispositivo Bluetooth,UC0S6Jti6pQMrrt1onzSUv9g,jfulgen,2017-02-07,142127,1742,124,456,11278508,32800,511,30.598392486572266,2017-02-06,31.43865203857422,2017-02-13
2bzTt-8oUs4,QURAN APPLE AIRPODS SOCIAL EXPERIMENT!!,UC3kfx81WYXgNBf1bNIcO5Fg,WAYOFLIFESQ,2020-03-22,141332,14897,166,2009,9892443,146000,437,56.49163436889648,2020-03-20,61.05059432983398,2020-03-27
NIkVg-zuTNQ,‡∏£‡∏µ‡∏ß‡∏¥‡∏ß Pod ‡∏™‡∏∏‡∏î‡πÑ‡∏Æ‡πÄ‡∏ó‡∏Ñ AirGo by VAPTIO ‡∏≠‡∏¢‡πà‡∏≤‡∏á‡∏Å‡∏±‡∏ö Apple AirPods,UCnLxdfgdkm-n_pqe63pdMiA,Thai Vapes,2020-07-18,137703,2834,37,99,27982042,179000,737,95.98853302001952,2020-07-17,92.28909301757812,2020-07-24
jXxAU-bNVlY,ECCO LE AIRPODS MAX (CUFFIE DI LUSSO APPLE) - Prime Impressioni,UCXDorkXBjDsh0wNethPe-zQ,Andrea Bentivegna - BlackGeek,2020-12-09,133876,11308,402,965,149877107,637000,1282,,,,
kQni1O7ddfs,Apple Airpods Pro Unboxing | Price in Pakistan= Astagfirullah,UCheoCqHDwPcfS9Jrgz8siQw,VideoWaliSarkar,2019-11-02,131002,5285,235,738,169081583,1450000,1392,62.70423126220703,2019-11-01,63.95454406738281,2019-11-08
G43aM9w7v3g,"Rs 22,000 Ki HandsFree | Apple Airpods üò≤ üò≤üò±üò±",UCheoCqHDwPcfS9Jrgz8siQw,VideoWaliSarkar,2018-03-11,83406,2255,185,400,169081583,1450000,1392,43.12281036376953,2018-03-09,42.65320587158203,2018-03-16
2NAS90hLbeM,Apple AirPods Sinhala Review,UCETxOvOv9_44-CUzsPlzyxQ,Chanux Bro,2017-07-11,123917,3582,81,422,87954974,1000000,1167,34.356029510498054,2017-07-10,35.42180633544922,2017-07-17
Ylp1fn6z91c,Best and Cheap Apple AirPods Clone  üá±üá∞,UCETxOvOv9_44-CUzsPlzyxQ,Chanux Bro,2019-02-12,72373,2387,62,306,87954974,1000000,1167,41.21321105957031,2019-02-11,41.45402526855469,2019-02-15
H_JkvHkmcYE,How To Add Wireless Charging To Your Apple AirPods,UCS9OE6KeXQ54nSMqhRx0_EQ,Mobile Fun,2019-07-16,120166,410,83,16,105465808,172000,1368,50.108787536621094,2019-07-15,50.59959411621094,2019-07-22
uPwUMRHk0S4,How to connect your Apple Airpods to a Nintendo Switch,UCS9OE6KeXQ54nSMqhRx0_EQ,Mobile Fun,2020-01-13,103096,477,134,38,105465808,172000,1368,76.2935791015625,2020-01-10,78.35869598388672,2020-01-17
to_d4g9SPYo,Apple iPhone 7 Earpods Broken Lightning Connector Repair,UC9MJpCkjqmx2EWn3Jx45RRg,Little Bit Tech Info,2019-09-03,118215,1055,91,82,6864526,32700,214,51.1644172668457,2019-08-30,52.49536514282226,2019-09-09
yU13joK77Q8,„ÄêÂπ¥Â∫¶Ë©ïÂàÜÊØîÊãº„ÄëApple AirPods Pro vs SONY WF-1000XM3 vs Jabra Elite 75T vs Sennheiser Momentum True Wireless,UCo1FVPnmwb4UZq-L_bVuwMg,FlashingDroid,2020-02-16,116762,1612,79,168,44291078,177000,856,80.07746124267578,2020-02-14,77.14494323730469,2020-02-21
xfxfZMIqjDc,"–¢–µ—Ä–º–æ—è–¥–µ—Ä–Ω—ã–π —Ä–µ–∞–∫—Ç–æ—Ä –≥–æ—Ä—è—á–µ–µ –°–æ–ª–Ω—Ü–∞, Apple Airpods Max, –†–µ–≤–æ–ª—é—Ü–∏–æ–Ω–Ω—ã–π –∞–∫–∫—É–º—É–ª—è—Ç–æ—Ä –∏ –¥—Ä—É–≥–∏–µ –Ω–æ–≤–æ—Å—Ç–∏",UCrzwOa2lzzPjfiLIn7Y8SrQ,–ö–∏–∫ –û–±–∑–æ—Ä,2020-12-10,115544,9499,163,443,156842871,986000,481,,,,
XB0xdXVmSng,AirPods Max ‚Äî $549 Apple Headphone Deep-Dive!,UCLBHPoY3NugnZYURxln3fKQ,Rene Ritchie,2020-12-08,107328,3231,168,1003,19318828,197000,166,123.08000183105469,2020-12-02,,
toboYcW3HjY,AirPods Max ‚Äî What Apple Didn&#39;t Answer!,UCLBHPoY3NugnZYURxln3fKQ,Rene Ritchie,2020-12-10,57974,1918,84,280,19318828,197000,166,,,,
QRh0cmfZPqU,How to Connect Apple Airpods Pro with Android Smartphones?,UCix7HIJ74fUDlHDkAAcyRPA,Gogi Tech,2019-12-28,110900,3147,196,295,382204147,2350000,2794,71.24635314941406,2019-12-27,73.12215423583984,2020-01-03
Zi2O5eBZ4LA,"Noise Air Buds wireless earbuds with touch control and apple airpods like look for Rs. 1,999",UCix7HIJ74fUDlHDkAAcyRPA,Gogi Tech,2020-11-02,59862,2461,107,232,382204147,2350000,2794,108.67251586914062,2020-10-30,118.69000244140624,2020-11-06
2-PBu5YmqEE,"Realme Buds Air Pro true wireless earbuds - Apple Airpods pro for Rs. 4,999 (kinda)",UCix7HIJ74fUDlHDkAAcyRPA,Gogi Tech,2020-10-22,56499,2437,117,225,382204147,2350000,2794,116.6687240600586,2020-10-21,111.00847625732422,2020-10-28
IZMm0ts6_5I,Cara Reset Apple Airpods dan Memperbaiki Masalah pada Airpods,UC6FLHdX8fsZJhGj7zxxdJ9Q,iamcherish Apple Pro,2020-05-17,104380,1819,49,929,18105094,182000,208,76.65679168701172,2020-05-15,79.44196319580078,2020-05-22
HFCVScvGmIs,How to set up and use Apple AirPods Pro,UCVy-vHKZkh1vlLHWp955qww,How To Do It All,2020-03-23,104959,1217,167,57,8532957,55300,142,56.49163436889648,2020-03-20,61.05059432983398,2020-03-27
aJBsYRNK-NQ,HOW TO DRAW APPLE AIRPODS,UCTgJIG8ddlh4lXLv7tAuiog,Yo Kidz,2019-07-10,103968,1010,118,161,45866772,261000,914,49.13938903808594,2019-07-09,49.9354133605957,2019-07-16
mrvHN4LAucQ,Samsung Buds Live vs. Apple AirPods Pro,UC1IQIspOkCeV3WnYm32SBFQ,This Is,2020-08-21,101853,4739,123,464,19664235,331000,136,118.07129669189452,2020-08-20,124.7947006225586,2020-08-27
89NmhJZ3WE4,"Unboxing Apple AirPods Pro, Wedding Anniversary Gift from Swetha Bhakthan",UC1v4URvQXjEA2bkAD6gl1_Q,Chat with Bhakthan,2020-08-26,97846,5969,260,324,2882993,117000,61,124.61001586914062,2020-08-25,133.94889831542972,2020-09-01
Lt9MGFFGCqE,APPLE lan√ßou os AIRPODS 2 hoje! Vem conferir as novidades!,UC3w9eSRf6X3opt5j-MQn7QA,Matheus Kise,2019-03-20,90363,4521,121,255,94296197,646000,1355,45.37272262573242,2019-03-19,45.43595886230469,2019-03-26
_xeFiAV3dQY,Apple&#39;s Christmas Surprise Revealed! AirPods Max,UC2VrA-oteANZQ07TquwBvAQ,iupdate,2020-12-08,90254,3198,145,375,67961983,278000,1447,123.08000183105469,2020-12-02,,
x4hFgEgJbLE,Apple Watch Series 7 Redesign &amp; AirPods 3 Delayed!,UC2VrA-oteANZQ07TquwBvAQ,iupdate,2020-11-26,51841,2133,52,181,67961983,278000,1447,116.02999877929688,2020-11-25,123.08000183105469,2020-12-02
CmdAC1Fc9ow,"What&#39;s Apple&#39;s December Surprise? AirPods Max, AirTags, Apple TV or iPhone 12 Socks?",UCzmwnZ_ZElg6kuE6e5QS4pg,Brian Tong,2020-12-04,88832,2557,93,259,27320836,214000,324,123.08000183105469,2020-12-02,,
MXwd0J42KIE,Bƒ∞M&#39;den APPLE Aƒ∞RPODS 2 ALDIM! (Alƒ±nƒ±r Mƒ±?),UCm0dw7RiKLAxLiI-ZQWbr_g,Furkan Akman,2019-12-13,88086,1720,305,280,7076057,40200,167,66.73751831054689,2019-12-12,68.84196472167969,2019-12-19
850gpdHPvQE,Nova Truly Wireless Earbuds - Better than the Apple Airpods??,UCtYJT2feifBiVsxSC1S1Jwg,JSL Review,2017-11-28,87971,869,52,90,18748157,116000,206,41.542213439941406,2017-11-27,40.51850891113281,2017-12-04
ddzaQZGSNG4,Apple AirPods Max - ‡Æ™‡ØÜ‡Æü‡Øç‡Æ∞‡Øã‡ÆÆ‡Ææ‡Æï‡Øç‡Æ∏‡Øç ‡Æ≤‡Øà‡Æü‡Øç‡Æü‡Øá ‡Æ§‡Ææ‡Æ©‡Øç ‡Æµ‡Øá‡Æ£‡ØÅ‡ÆÆ‡Ææ?,UCfHbVIuScyuQob_2XpyfMZQ,C4ETech Tamil,2020-12-09,85481,7225,188,510,135141029,1100000,1093,,,,
5GGtu9iphew,Personnaliser vos AirPods ou AirPods¬†Pro¬†- Assistance Apple,UCh5CL7XbLPZPfJa7Bf6ifng,Apple France,2020-06-15,87904,1643,137,88,55858187,468000,207,84.40194702148438,2020-06-12,87.1223373413086,2020-06-19
hLWRnio-jqc,AirPods„ÇÑAirPods Pro„Çí„Ç´„Çπ„Çø„Éû„Ç§„Ç∫„Åô„ÇãÊñπÊ≥ï ‚Äî Apple„Çµ„Éù„Éº„Éà,UCv5iVjD-tFfl04V4AB4XRYw,Apple Japan,2020-08-17,83541,770,163,85,98778230,462000,215,114.70960235595705,2020-08-14,124.15579986572266,2020-08-21
HowBRtQXmZI,Xiaomi Mi AirDots: Apple AirPods Alternative? - 24h Test,UCHbcbgxdWJittda3pg0QK5g,China-Gadgets.de,2019-01-14,77870,1453,88,192,22325807,133000,769,36.88577270507813,2019-01-11,37.98296737670898,2019-01-18
45z3dsiSmck,„ÄåAirPods Max„Äç„Å£„Å¶„ÅÑ„ÅÜApple„ÅåÂàù„ÇÅ„Å¶„É™„É™„Éº„Çπ„Åô„ÇãÁ¥Ñ7‰∏áÂÜÜ„ÅÆ„Éò„ÉÉ„Éâ„Éõ„É≥„Å™„Çì„Å¶Ë™∞„ÅåË≤∑„ÅÜ„Çì„Å†„Çàwwwww,UCZQlwQQ9FA-npql7Y-djOGg,„Çª„Ç¥„É™„Éº„Çø‰∏â‰∏ñ / Segorita the 3rd,2020-12-09,76060,1774,162,551,51728021,135000,1415,,,,
E4EyugfYwNo,Apple Airpods 2 VS QCY T5 Detaylƒ± KarsÃßƒ±lasÃßtƒ±rma,UCdNF8Mh7F69h595BpVMPFOA,Enes √ñzen,2019-12-29,75719,4356,41,775,9709612,58900,358,71.24635314941406,2019-12-27,73.12215423583984,2020-01-03
UY3TiU5vmSc,BU KULAKLIKLARI ALIN! (EN ƒ∞Yƒ∞ 10 Apple Aƒ∞RPODS √ßakmasƒ±),UCdNF8Mh7F69h595BpVMPFOA,Enes √ñzen,2020-07-14,73017,2077,25,1049,9709612,58900,358,95.14152526855469,2020-07-13,98.01139068603516,2020-07-20
gC0s8ds3WFQ,Bose Quietcomfort Earbuds VS Apple Airpods Pro | Worth The Upgrade??,UCULadXL9c5fjMXRsXUuM-cw,CEONTHEMAKING,2020-10-11,70181,1450,82,221,2739536,15500,160,116.76854705810548,2020-10-09,118.81501007080078,2020-10-16
Zivtem0-zGk,Seriously Apple? The AirPods Max Cost What??,UCO_vmeInQm5Z6dEZ6R5Kk0A,Pocketnow,2020-12-09,67649,2717,91,705,732285066,1790000,7336,,,,
59XUHgubIyo,AppleÂè≤‰∏äÊúÄÂº∑„ÅÆÈü≥Ôºü Apple„Åã„Çâ„ÄåAirPods Max„Äç„ÅåÁô∫Ë°®ÔºÅ,UCZm3dECbQU33IWG5MQ-NAdw,„ÇÆ„Ç∫„É¢„Éº„Éâ„Éª„Ç∏„É£„Éë„É≥,2020-12-08,68990,964,70,400,35290767,93900,1519,123.08000183105469,2020-12-02,,
oW9bhEIYHhM,Sonunda Apple Airpods Pro&#39;larƒ± Geri √áaƒüƒ±rdƒ±!,UCvHUWsOCZkikC_M-Zn9VAKw,Onur Akba≈ü,2020-11-01,66904,1470,53,456,4362370,19700,109,108.67251586914062,2020-10-30,118.69000244140624,2020-11-06
y4oQwoi4xT8,How To Reset Apple AirPods Pro,UCuGtavqvDJwkiD8yY6w63hg,Jamie Wagner,2020-02-26,67784,403,33,171,47630769,63200,445,70.9915771484375,2020-02-25,71.29715728759766,2020-03-03
1koOopbLEeI,Apple AirPods Androiddal - M≈±k√∂dik?,UCAA4EV4denSMDNMvUxDV82A,Tech2.hu,2018-12-28,63380,2545,34,263,61676205,233000,1265,37.8206901550293,2018-12-27,34.439476013183594,2019-01-03
HQubCGiSjkY,Apple Airpod Pro _(Z Reviews)_ The TWS Benchmark,UC3XdYJjWliOdKuZMNaTiP8Q,Z Reviews,2020-04-25,62833,2348,96,479,67961615,217000,1629,69.73232269287111,2020-04-24,71.23554229736328,2020-05-01
wTgSKURRcYQ,Apple&#39;dan bir ilk: 5.699 liralƒ±k AirPods Max&#39;e ilk bakƒ±≈ü!,UClDUBCkfg3IFFZSpQFR9tmg,Sihirli Elma,2020-12-08,62447,2557,575,694,10315421,94300,208,123.08000183105469,2020-12-02,,
kJw1o-wR7oI,"Apple Airpod Pro , Smartwatch, Speaker, Watch | Speakers at cheapest Price | Gadget market Delhi.",UC9P8RGEax5PQHJPAoVdfzmw,EPIC LADKA,2020-08-02,61327,2355,203,168,83487820,1210000,758,105.8860855102539,2020-07-31,110.92113494873048,2020-08-07
PaFL3rlqnqM,Die AirPods Max sind da! - Apple stellt Over-Ear Kopfh√∂rer vor | Das m√ºsst ihr wissen!,UCVChR9pqkB2Y6jpY8MlesoA,Apfelwelt,2020-12-08,60999,2636,53,167,26444801,160000,406,123.08000183105469,2020-12-02,,
HhviaR57Wuw,Apple AIRPODS PRO: Recensione ONESTA,UCoyoYGVhKzfs1vCgAGoaOuw,Maurizio SaggiaMente,2019-11-07,58859,2516,42,214,1931465,31600,123,63.052284240722656,2019-11-06,65.01905059814453,2019-11-13
d-u45GNwVHA,"Apple&#39;s AirPods Max Headphones Cost 59,900 Rs || Tech 183",UCQV-7R4qhAJXxdkrWNOglDQ,Dekho Isko,2020-12-10,59262,6725,70,214,99578813,688000,783,,,,
jMRz_WaBcRk,‡¶¨‡¶ï‡ßç‡¶∏‡ßá ‡¶ö‡¶æ‡¶∞‡ßç‡¶ú‡¶æ‡¶∞ ‡¶¶‡ßá‡¶¨‡ßá‡¶®‡¶æ ‡¶∏‡ßç‡¶Ø‡¶æ‡¶Æ‡¶∏‡¶æ‡¶Ç | Samsung F62 | Asus ROG 4 | Apple airpods max | CyberPank 2077 #TN178,UCtu_QzoqdLjRt3Nmqe7aeqg,TechSci Guy,2020-12-08,56725,8347,322,784,54510200,592000,709,123.08000183105469,2020-12-02,,
CAo_aifKu_I,"Review Apple AirPods 2: mudou mais do que parece, menos do que deveria - TecMundo",UCdmGjywrxeOPfC7vDllmSgQ,TecMundo,2019-07-10,55864,3932,62,216,695577043,3720000,6778,49.13938903808594,2019-07-09,49.9354133605957,2019-07-16
7nMzDUXo6Kg,300 ‡≤∞‡≥Ç‡≤™‡≤æ‡≤Ø‡≤ø‡≤ó‡≥Ü Apple AirPodsüòÇ unboxing in ‡≤ï‡≤®‡≥ç‡≤®‡≤°‚ö° | True wireless earbuds for 300 Rupees 2020 | Kannada,UCPMDhcBogBPsrGQWf5qnArg,Tech in Kannada,2020-09-07,55453,4722,97,325,33373264,512000,861,120.75167083740234,2020-09-04,111.8071060180664,2020-09-11
7BK092eRRVo,OnePlus Buds vs Apple AirPods 2: Which should you buy?,UCcdKjoU_7733lU1-nAlIP_Q,Pocket-lint,2020-07-24,55340,954,35,145,22404507,32900,947,92.5182876586914,2020-07-23,95.8515167236328,2020-07-30
ynXCtZHoGXk,Airpods pro real vs fake. How to spot counterfeit / clone Apple air pods,UCNc5KHbWdkvwaCbv_D_HG2Q,Voice of People Today,2020-09-08,55107,395,47,38,7647714,14400,472,120.75167083740234,2020-09-04,115.16131591796876,2020-09-14
E65Tj5SZZEs,AIRPODS MAX M·ªöI C·ª¶A APPLE X·∫§U V√ÉI M√Ä GI√Å T·∫¨N 12 TRI·ªÜU!???,UCDri2yZO_tqdD70bK-D7iQg,AnhEm TV,2020-12-09,55342,1613,60,134,177376567,785000,1029,,,,
NHevgWguJAw,Apple Airpods Killer !  - Crowdfunding Campaign of the Week #2,UC247FQWwWr5Xo-iq489QavQ,Amazed HD,2016-12-05,50986,143,96,11,4645358,11600,92,25.80983161926269,2016-12-02,26.76097297668457,2016-12-09
PB7gSMho0tA,AirPods Max„Åæ„Å®„ÇÅÔºÅApple„Åå„Éé„Ç§„Ç≠„É£„É≥„Éò„ÉÉ„Éâ„Éõ„É≥Á™ÅÁÑ∂Áô∫Ë°®ÔºÅÈü≥Ë≥™„Éû„ÉÉ„ÇØ„ÇπÔºü„ÅäÂÄ§ÊÆµ„Éû„ÉÉ„ÇØ„Çπ„ÉªÈáç„Åï„ÇÇ„Éû„ÉÉ„ÇØ„Çπ„Å®ÂÖ®„Å¶„Åå„Éû„ÉÉ„ÇØ„ÇπÔºÅ,UCCD76tKlE45u1YTX0cVh1OQ,Apple„ÅåÂ§ßÂ•Ω„Åç„Å™„Çì„Å†„Çà,2020-12-08,52999,882,63,365,93090415,224000,1531,123.08000183105469,2020-12-02,,
